DEBUG - 2025-11-24 00:25:26 --> Session: Class initialized using 'CodeIgniter\Session\Handlers\FileHandler' driver.
DEBUG - 2025-11-24 00:25:40 --> Session: Class initialized using 'CodeIgniter\Session\Handlers\FileHandler' driver.
DEBUG - 2025-11-24 00:25:40 --> Session: Class initialized using 'CodeIgniter\Session\Handlers\FileHandler' driver.
DEBUG - 2025-11-24 00:25:56 --> Session: Class initialized using 'CodeIgniter\Session\Handlers\FileHandler' driver.
DEBUG - 2025-11-24 00:26:05 --> Session: Class initialized using 'CodeIgniter\Session\Handlers\FileHandler' driver.
DEBUG - 2025-11-24 00:26:05 --> Session: Class initialized using 'CodeIgniter\Session\Handlers\FileHandler' driver.
DEBUG - 2025-11-24 00:26:16 --> Session: Class initialized using 'CodeIgniter\Session\Handlers\FileHandler' driver.
DEBUG - 2025-11-24 00:26:17 --> Session: Class initialized using 'CodeIgniter\Session\Handlers\FileHandler' driver.
DEBUG - 2025-11-24 00:26:24 --> Session: Class initialized using 'CodeIgniter\Session\Handlers\FileHandler' driver.
DEBUG - 2025-11-24 00:27:16 --> Session: Class initialized using 'CodeIgniter\Session\Handlers\FileHandler' driver.
DEBUG - 2025-11-24 00:27:53 --> Session: Class initialized using 'CodeIgniter\Session\Handlers\FileHandler' driver.
DEBUG - 2025-11-24 00:27:53 --> Session: Class initialized using 'CodeIgniter\Session\Handlers\FileHandler' driver.
DEBUG - 2025-11-24 00:30:41 --> Session: Class initialized using 'CodeIgniter\Session\Handlers\FileHandler' driver.
DEBUG - 2025-11-24 00:30:51 --> Session: Class initialized using 'CodeIgniter\Session\Handlers\FileHandler' driver.
DEBUG - 2025-11-24 00:30:58 --> Session: Class initialized using 'CodeIgniter\Session\Handlers\FileHandler' driver.
DEBUG - 2025-11-24 00:31:03 --> Session: Class initialized using 'CodeIgniter\Session\Handlers\FileHandler' driver.
CRITICAL - 2025-11-24 00:31:03 --> ErrorException: Undefined array key "email"
[Method: GET, Route: admin/managePayments]
in APPPATH\Views\admin\payments_management.php on line 193.
 1 APPPATH\Views\admin\payments_management.php(193): CodeIgniter\Debug\Exceptions->errorHandler(2, 'Undefined array key "email"', 'D:\\COMISSION\\kurt2.0\\app\\Views\\admin\\payments_management.php', 193)
 2 SYSTEMPATH\View\View.php(226): include('D:\\COMISSION\\kurt2.0\\app\\Views\\admin\\payments_management.php')
 3 SYSTEMPATH\View\View.php(229): CodeIgniter\View\View->CodeIgniter\View\{closure}()
 4 SYSTEMPATH\Common.php(1167): CodeIgniter\View\View->render('admin/payments_management', [], true)
 5 APPPATH\Controllers\Admin.php(249): view('admin/payments_management', [...])
 6 SYSTEMPATH\CodeIgniter.php(933): App\Controllers\Admin->managePayments()
 7 SYSTEMPATH\CodeIgniter.php(507): CodeIgniter\CodeIgniter->runController(Object(App\Controllers\Admin))
 8 SYSTEMPATH\CodeIgniter.php(354): CodeIgniter\CodeIgniter->handleRequest(null, Object(Config\Cache), false)
 9 SYSTEMPATH\Boot.php(363): CodeIgniter\CodeIgniter->run()
10 SYSTEMPATH\Boot.php(68): CodeIgniter\Boot::runCodeIgniter(Object(CodeIgniter\CodeIgniter))
11 FCPATH\index.php(59): CodeIgniter\Boot::bootWeb(Object(Config\Paths))
12 SYSTEMPATH\rewrite.php(44): require_once('D:\\COMISSION\\kurt2.0\\public\\index.php')
DEBUG - 2025-11-24 00:31:06 --> Session: Class initialized using 'CodeIgniter\Session\Handlers\FileHandler' driver.
CRITICAL - 2025-11-24 00:31:06 --> ErrorException: Undefined array key "email"
[Method: GET, Route: admin/managePayments]
in APPPATH\Views\admin\payments_management.php on line 193.
 1 APPPATH\Views\admin\payments_management.php(193): CodeIgniter\Debug\Exceptions->errorHandler(2, 'Undefined array key "email"', 'D:\\COMISSION\\kurt2.0\\app\\Views\\admin\\payments_management.php', 193)
 2 SYSTEMPATH\View\View.php(226): include('D:\\COMISSION\\kurt2.0\\app\\Views\\admin\\payments_management.php')
 3 SYSTEMPATH\View\View.php(229): CodeIgniter\View\View->CodeIgniter\View\{closure}()
 4 SYSTEMPATH\Common.php(1167): CodeIgniter\View\View->render('admin/payments_management', [], true)
 5 APPPATH\Controllers\Admin.php(249): view('admin/payments_management', [...])
 6 SYSTEMPATH\CodeIgniter.php(933): App\Controllers\Admin->managePayments()
 7 SYSTEMPATH\CodeIgniter.php(507): CodeIgniter\CodeIgniter->runController(Object(App\Controllers\Admin))
 8 SYSTEMPATH\CodeIgniter.php(354): CodeIgniter\CodeIgniter->handleRequest(null, Object(Config\Cache), false)
 9 SYSTEMPATH\Boot.php(363): CodeIgniter\CodeIgniter->run()
10 SYSTEMPATH\Boot.php(68): CodeIgniter\Boot::runCodeIgniter(Object(CodeIgniter\CodeIgniter))
11 FCPATH\index.php(59): CodeIgniter\Boot::bootWeb(Object(Config\Paths))
12 SYSTEMPATH\rewrite.php(44): require_once('D:\\COMISSION\\kurt2.0\\public\\index.php')
DEBUG - 2025-11-24 00:31:07 --> Session: Class initialized using 'CodeIgniter\Session\Handlers\FileHandler' driver.
DEBUG - 2025-11-24 00:31:08 --> Session: Class initialized using 'CodeIgniter\Session\Handlers\FileHandler' driver.
DEBUG - 2025-11-24 00:32:04 --> Session: Class initialized using 'CodeIgniter\Session\Handlers\FileHandler' driver.
DEBUG - 2025-11-24 00:36:22 --> Session: Class initialized using 'CodeIgniter\Session\Handlers\FileHandler' driver.
DEBUG - 2025-11-24 00:38:30 --> Session: Class initialized using 'CodeIgniter\Session\Handlers\FileHandler' driver.
DEBUG - 2025-11-24 00:39:10 --> Session: Class initialized using 'CodeIgniter\Session\Handlers\FileHandler' driver.
DEBUG - 2025-11-24 00:40:57 --> Session: Class initialized using 'CodeIgniter\Session\Handlers\FileHandler' driver.
DEBUG - 2025-11-24 00:41:12 --> Session: Class initialized using 'CodeIgniter\Session\Handlers\FileHandler' driver.
DEBUG - 2025-11-24 00:41:24 --> Session: Class initialized using 'CodeIgniter\Session\Handlers\FileHandler' driver.
DEBUG - 2025-11-24 00:42:11 --> Session: Class initialized using 'CodeIgniter\Session\Handlers\FileHandler' driver.
DEBUG - 2025-11-24 00:47:07 --> Session: Class initialized using 'CodeIgniter\Session\Handlers\FileHandler' driver.
DEBUG - 2025-11-24 00:47:17 --> Session: Class initialized using 'CodeIgniter\Session\Handlers\FileHandler' driver.
DEBUG - 2025-11-24 00:48:09 --> Session: Class initialized using 'CodeIgniter\Session\Handlers\FileHandler' driver.
DEBUG - 2025-11-24 00:48:10 --> Session: Class initialized using 'CodeIgniter\Session\Handlers\FileHandler' driver.
DEBUG - 2025-11-24 00:48:19 --> Session: Class initialized using 'CodeIgniter\Session\Handlers\FileHandler' driver.
DEBUG - 2025-11-24 00:48:40 --> Session: Class initialized using 'CodeIgniter\Session\Handlers\FileHandler' driver.
DEBUG - 2025-11-24 00:48:45 --> Session: Class initialized using 'CodeIgniter\Session\Handlers\FileHandler' driver.
DEBUG - 2025-11-24 00:50:42 --> Session: Class initialized using 'CodeIgniter\Session\Handlers\FileHandler' driver.
DEBUG - 2025-11-24 00:51:38 --> Session: Class initialized using 'CodeIgniter\Session\Handlers\FileHandler' driver.
CRITICAL - 2025-11-24 00:51:38 --> ErrorException: Undefined array key "email"
[Method: GET, Route: admin/managePayments]
in APPPATH\Views\admin\payments_management.php on line 193.
 1 APPPATH\Views\admin\payments_management.php(193): CodeIgniter\Debug\Exceptions->errorHandler(2, 'Undefined array key "email"', 'D:\\COMISSION\\kurt2.0\\app\\Views\\admin\\payments_management.php', 193)
 2 SYSTEMPATH\View\View.php(226): include('D:\\COMISSION\\kurt2.0\\app\\Views\\admin\\payments_management.php')
 3 SYSTEMPATH\View\View.php(229): CodeIgniter\View\View->CodeIgniter\View\{closure}()
 4 SYSTEMPATH\Common.php(1167): CodeIgniter\View\View->render('admin/payments_management', [], true)
 5 APPPATH\Controllers\Admin.php(249): view('admin/payments_management', [...])
 6 SYSTEMPATH\CodeIgniter.php(933): App\Controllers\Admin->managePayments()
 7 SYSTEMPATH\CodeIgniter.php(507): CodeIgniter\CodeIgniter->runController(Object(App\Controllers\Admin))
 8 SYSTEMPATH\CodeIgniter.php(354): CodeIgniter\CodeIgniter->handleRequest(null, Object(Config\Cache), false)
 9 SYSTEMPATH\Boot.php(363): CodeIgniter\CodeIgniter->run()
10 SYSTEMPATH\Boot.php(68): CodeIgniter\Boot::runCodeIgniter(Object(CodeIgniter\CodeIgniter))
11 FCPATH\index.php(59): CodeIgniter\Boot::bootWeb(Object(Config\Paths))
12 SYSTEMPATH\rewrite.php(44): require_once('D:\\COMISSION\\kurt2.0\\public\\index.php')
DEBUG - 2025-11-24 00:57:57 --> Session: Class initialized using 'CodeIgniter\Session\Handlers\FileHandler' driver.
DEBUG - 2025-11-24 00:58:09 --> Session: Class initialized using 'CodeIgniter\Session\Handlers\FileHandler' driver.
DEBUG - 2025-11-24 01:03:19 --> Session: Class initialized using 'CodeIgniter\Session\Handlers\FileHandler' driver.
CRITICAL - 2025-11-24 01:03:20 --> ErrorException: Undefined variable $message
[Method: GET, Route: admin/getRevenueData]
in APPPATH\Views\errors\html\error_404.php on line 77.
 1 APPPATH\Views\errors\html\error_404.php(77): CodeIgniter\Debug\Exceptions->errorHandler(2, 'Undefined variable $message', 'D:\\COMISSION\\kurt2.0\\app\\Views\\errors\\html\\error_404.php', 77)
 2 SYSTEMPATH\View\View.php(226): include('D:\\COMISSION\\kurt2.0\\app\\Views\\errors\\html\\error_404.php')
 3 SYSTEMPATH\View\View.php(229): CodeIgniter\View\View->CodeIgniter\View\{closure}()
 4 SYSTEMPATH\Common.php(1167): CodeIgniter\View\View->render('errors/html/error_404', [], true)
 5 APPPATH\Config\Routes.php(83): view('errors/html/error_404')
 6 SYSTEMPATH\CodeIgniter.php(875): CodeIgniter\Router\RouteCollection->{closure}('admin/getRevenueData')
 7 SYSTEMPATH\CodeIgniter.php(494): CodeIgniter\CodeIgniter->startController()
 8 SYSTEMPATH\CodeIgniter.php(354): CodeIgniter\CodeIgniter->handleRequest(null, Object(Config\Cache), false)
 9 SYSTEMPATH\Boot.php(363): CodeIgniter\CodeIgniter->run()
10 SYSTEMPATH\Boot.php(68): CodeIgniter\Boot::runCodeIgniter(Object(CodeIgniter\CodeIgniter))
11 FCPATH\index.php(59): CodeIgniter\Boot::bootWeb(Object(Config\Paths))
12 SYSTEMPATH\rewrite.php(44): require_once('D:\\COMISSION\\kurt2.0\\public\\index.php')
DEBUG - 2025-11-24 01:05:48 --> Session: Class initialized using 'CodeIgniter\Session\Handlers\FileHandler' driver.
CRITICAL - 2025-11-24 01:05:48 --> ErrorException: Undefined array key "bg_color"
[Method: GET, Route: admin/dashboard]
in APPPATH\Views\admin\dashboard.php on line 123.
 1 APPPATH\Views\admin\dashboard.php(123): CodeIgniter\Debug\Exceptions->errorHandler(2, 'Undefined array key "bg_color"', 'D:\\COMISSION\\kurt2.0\\app\\Views\\admin\\dashboard.php', 123)
 2 SYSTEMPATH\View\View.php(226): include('D:\\COMISSION\\kurt2.0\\app\\Views\\admin\\dashboard.php')
 3 SYSTEMPATH\View\View.php(229): CodeIgniter\View\View->CodeIgniter\View\{closure}()
 4 SYSTEMPATH\Common.php(1167): CodeIgniter\View\View->render('admin/dashboard', [], true)
 5 APPPATH\Controllers\Admin.php(50): view('admin/dashboard', [...])
 6 SYSTEMPATH\CodeIgniter.php(933): App\Controllers\Admin->dashboard()
 7 SYSTEMPATH\CodeIgniter.php(507): CodeIgniter\CodeIgniter->runController(Object(App\Controllers\Admin))
 8 SYSTEMPATH\CodeIgniter.php(354): CodeIgniter\CodeIgniter->handleRequest(null, Object(Config\Cache), false)
 9 SYSTEMPATH\Boot.php(363): CodeIgniter\CodeIgniter->run()
10 SYSTEMPATH\Boot.php(68): CodeIgniter\Boot::runCodeIgniter(Object(CodeIgniter\CodeIgniter))
11 FCPATH\index.php(59): CodeIgniter\Boot::bootWeb(Object(Config\Paths))
12 SYSTEMPATH\rewrite.php(44): require_once('D:\\COMISSION\\kurt2.0\\public\\index.php')
DEBUG - 2025-11-24 01:05:52 --> Session: Class initialized using 'CodeIgniter\Session\Handlers\FileHandler' driver.
CRITICAL - 2025-11-24 01:05:52 --> ErrorException: Undefined array key "bg_color"
[Method: GET, Route: admin/dashboard]
in APPPATH\Views\admin\dashboard.php on line 123.
 1 APPPATH\Views\admin\dashboard.php(123): CodeIgniter\Debug\Exceptions->errorHandler(2, 'Undefined array key "bg_color"', 'D:\\COMISSION\\kurt2.0\\app\\Views\\admin\\dashboard.php', 123)
 2 SYSTEMPATH\View\View.php(226): include('D:\\COMISSION\\kurt2.0\\app\\Views\\admin\\dashboard.php')
 3 SYSTEMPATH\View\View.php(229): CodeIgniter\View\View->CodeIgniter\View\{closure}()
 4 SYSTEMPATH\Common.php(1167): CodeIgniter\View\View->render('admin/dashboard', [], true)
 5 APPPATH\Controllers\Admin.php(50): view('admin/dashboard', [...])
 6 SYSTEMPATH\CodeIgniter.php(933): App\Controllers\Admin->dashboard()
 7 SYSTEMPATH\CodeIgniter.php(507): CodeIgniter\CodeIgniter->runController(Object(App\Controllers\Admin))
 8 SYSTEMPATH\CodeIgniter.php(354): CodeIgniter\CodeIgniter->handleRequest(null, Object(Config\Cache), false)
 9 SYSTEMPATH\Boot.php(363): CodeIgniter\CodeIgniter->run()
10 SYSTEMPATH\Boot.php(68): CodeIgniter\Boot::runCodeIgniter(Object(CodeIgniter\CodeIgniter))
11 FCPATH\index.php(59): CodeIgniter\Boot::bootWeb(Object(Config\Paths))
12 SYSTEMPATH\rewrite.php(44): require_once('D:\\COMISSION\\kurt2.0\\public\\index.php')
DEBUG - 2025-11-24 01:07:22 --> Session: Class initialized using 'CodeIgniter\Session\Handlers\FileHandler' driver.
CRITICAL - 2025-11-24 01:07:22 --> Error: Call to undefined function timespan()
[Method: GET, Route: admin/dashboard]
in APPPATH\Views\admin\dashboard.php on line 110.
 1 SYSTEMPATH\View\View.php(226): include()
 2 SYSTEMPATH\View\View.php(229): CodeIgniter\View\View->CodeIgniter\View\{closure}()
 3 SYSTEMPATH\Common.php(1167): CodeIgniter\View\View->render('admin/dashboard', [], true)
 4 APPPATH\Controllers\Admin.php(50): view('admin/dashboard', [...])
 5 SYSTEMPATH\CodeIgniter.php(933): App\Controllers\Admin->dashboard()
 6 SYSTEMPATH\CodeIgniter.php(507): CodeIgniter\CodeIgniter->runController(Object(App\Controllers\Admin))
 7 SYSTEMPATH\CodeIgniter.php(354): CodeIgniter\CodeIgniter->handleRequest(null, Object(Config\Cache), false)
 8 SYSTEMPATH\Boot.php(363): CodeIgniter\CodeIgniter->run()
 9 SYSTEMPATH\Boot.php(68): CodeIgniter\Boot::runCodeIgniter(Object(CodeIgniter\CodeIgniter))
10 FCPATH\index.php(59): CodeIgniter\Boot::bootWeb(Object(Config\Paths))
11 SYSTEMPATH\rewrite.php(44): require_once('D:\\COMISSION\\kurt2.0\\public\\index.php')
DEBUG - 2025-11-24 01:08:01 --> Session: Class initialized using 'CodeIgniter\Session\Handlers\FileHandler' driver.
CRITICAL - 2025-11-24 01:08:01 --> Error: Call to undefined function timespan()
[Method: GET, Route: admin/dashboard]
in APPPATH\Views\admin\dashboard.php on line 110.
 1 SYSTEMPATH\View\View.php(226): include()
 2 SYSTEMPATH\View\View.php(229): CodeIgniter\View\View->CodeIgniter\View\{closure}()
 3 SYSTEMPATH\Common.php(1167): CodeIgniter\View\View->render('admin/dashboard', [], true)
 4 APPPATH\Controllers\Admin.php(50): view('admin/dashboard', [...])
 5 SYSTEMPATH\CodeIgniter.php(933): App\Controllers\Admin->dashboard()
 6 SYSTEMPATH\CodeIgniter.php(507): CodeIgniter\CodeIgniter->runController(Object(App\Controllers\Admin))
 7 SYSTEMPATH\CodeIgniter.php(354): CodeIgniter\CodeIgniter->handleRequest(null, Object(Config\Cache), false)
 8 SYSTEMPATH\Boot.php(363): CodeIgniter\CodeIgniter->run()
 9 SYSTEMPATH\Boot.php(68): CodeIgniter\Boot::runCodeIgniter(Object(CodeIgniter\CodeIgniter))
10 FCPATH\index.php(59): CodeIgniter\Boot::bootWeb(Object(Config\Paths))
11 SYSTEMPATH\rewrite.php(44): require_once('D:\\COMISSION\\kurt2.0\\public\\index.php')
DEBUG - 2025-11-24 01:08:36 --> Session: Class initialized using 'CodeIgniter\Session\Handlers\FileHandler' driver.
CRITICAL - 2025-11-24 01:08:36 --> Error: Call to undefined method CodeIgniter\View\View::getTimeAgo()
[Method: GET, Route: admin/dashboard]
in APPPATH\Views\admin\dashboard.php on line 110.
 1 SYSTEMPATH\View\View.php(226): include()
 2 SYSTEMPATH\View\View.php(229): CodeIgniter\View\View->CodeIgniter\View\{closure}()
 3 SYSTEMPATH\Common.php(1167): CodeIgniter\View\View->render('admin/dashboard', [], true)
 4 APPPATH\Controllers\Admin.php(50): view('admin/dashboard', [...])
 5 SYSTEMPATH\CodeIgniter.php(933): App\Controllers\Admin->dashboard()
 6 SYSTEMPATH\CodeIgniter.php(507): CodeIgniter\CodeIgniter->runController(Object(App\Controllers\Admin))
 7 SYSTEMPATH\CodeIgniter.php(354): CodeIgniter\CodeIgniter->handleRequest(null, Object(Config\Cache), false)
 8 SYSTEMPATH\Boot.php(363): CodeIgniter\CodeIgniter->run()
 9 SYSTEMPATH\Boot.php(68): CodeIgniter\Boot::runCodeIgniter(Object(CodeIgniter\CodeIgniter))
10 FCPATH\index.php(59): CodeIgniter\Boot::bootWeb(Object(Config\Paths))
11 SYSTEMPATH\rewrite.php(44): require_once('D:\\COMISSION\\kurt2.0\\public\\index.php')
DEBUG - 2025-11-24 01:09:54 --> Session: Class initialized using 'CodeIgniter\Session\Handlers\FileHandler' driver.
CRITICAL - 2025-11-24 01:09:54 --> Error: Call to undefined method CodeIgniter\View\View::getTimeAgo()
[Method: GET, Route: admin/dashboard]
in APPPATH\Views\admin\dashboard.php on line 110.
 1 SYSTEMPATH\View\View.php(226): include()
 2 SYSTEMPATH\View\View.php(229): CodeIgniter\View\View->CodeIgniter\View\{closure}()
 3 SYSTEMPATH\Common.php(1167): CodeIgniter\View\View->render('admin/dashboard', [], true)
 4 APPPATH\Controllers\Admin.php(58): view('admin/dashboard', [...])
 5 SYSTEMPATH\CodeIgniter.php(933): App\Controllers\Admin->dashboard()
 6 SYSTEMPATH\CodeIgniter.php(507): CodeIgniter\CodeIgniter->runController(Object(App\Controllers\Admin))
 7 SYSTEMPATH\CodeIgniter.php(354): CodeIgniter\CodeIgniter->handleRequest(null, Object(Config\Cache), false)
 8 SYSTEMPATH\Boot.php(363): CodeIgniter\CodeIgniter->run()
 9 SYSTEMPATH\Boot.php(68): CodeIgniter\Boot::runCodeIgniter(Object(CodeIgniter\CodeIgniter))
10 FCPATH\index.php(59): CodeIgniter\Boot::bootWeb(Object(Config\Paths))
11 SYSTEMPATH\rewrite.php(44): require_once('D:\\COMISSION\\kurt2.0\\public\\index.php')
DEBUG - 2025-11-24 01:10:29 --> Session: Class initialized using 'CodeIgniter\Session\Handlers\FileHandler' driver.
CRITICAL - 2025-11-24 01:10:29 --> Error: Call to undefined method CodeIgniter\View\View::getTimeAgo()
[Method: GET, Route: admin/dashboard]
in APPPATH\Views\admin\dashboard.php on line 110.
 1 SYSTEMPATH\View\View.php(226): include()
 2 SYSTEMPATH\View\View.php(229): CodeIgniter\View\View->CodeIgniter\View\{closure}()
 3 SYSTEMPATH\Common.php(1167): CodeIgniter\View\View->render('admin/dashboard', [], true)
 4 APPPATH\Controllers\Admin.php(50): view('admin/dashboard', [...])
 5 SYSTEMPATH\CodeIgniter.php(933): App\Controllers\Admin->dashboard()
 6 SYSTEMPATH\CodeIgniter.php(507): CodeIgniter\CodeIgniter->runController(Object(App\Controllers\Admin))
 7 SYSTEMPATH\CodeIgniter.php(354): CodeIgniter\CodeIgniter->handleRequest(null, Object(Config\Cache), false)
 8 SYSTEMPATH\Boot.php(363): CodeIgniter\CodeIgniter->run()
 9 SYSTEMPATH\Boot.php(68): CodeIgniter\Boot::runCodeIgniter(Object(CodeIgniter\CodeIgniter))
10 FCPATH\index.php(59): CodeIgniter\Boot::bootWeb(Object(Config\Paths))
11 SYSTEMPATH\rewrite.php(44): require_once('D:\\COMISSION\\kurt2.0\\public\\index.php')
DEBUG - 2025-11-24 01:11:05 --> Session: Class initialized using 'CodeIgniter\Session\Handlers\FileHandler' driver.
CRITICAL - 2025-11-24 01:11:05 --> Error: Call to undefined method CodeIgniter\View\View::getTimeAgo()
[Method: GET, Route: admin/dashboard]
in APPPATH\Views\admin\dashboard.php on line 110.
 1 SYSTEMPATH\View\View.php(226): include()
 2 SYSTEMPATH\View\View.php(229): CodeIgniter\View\View->CodeIgniter\View\{closure}()
 3 SYSTEMPATH\Common.php(1167): CodeIgniter\View\View->render('admin/dashboard', [], true)
 4 APPPATH\Controllers\Admin.php(50): view('admin/dashboard', [...])
 5 SYSTEMPATH\CodeIgniter.php(933): App\Controllers\Admin->dashboard()
 6 SYSTEMPATH\CodeIgniter.php(507): CodeIgniter\CodeIgniter->runController(Object(App\Controllers\Admin))
 7 SYSTEMPATH\CodeIgniter.php(354): CodeIgniter\CodeIgniter->handleRequest(null, Object(Config\Cache), false)
 8 SYSTEMPATH\Boot.php(363): CodeIgniter\CodeIgniter->run()
 9 SYSTEMPATH\Boot.php(68): CodeIgniter\Boot::runCodeIgniter(Object(CodeIgniter\CodeIgniter))
10 FCPATH\index.php(59): CodeIgniter\Boot::bootWeb(Object(Config\Paths))
11 SYSTEMPATH\rewrite.php(44): require_once('D:\\COMISSION\\kurt2.0\\public\\index.php')
DEBUG - 2025-11-24 01:11:25 --> Session: Class initialized using 'CodeIgniter\Session\Handlers\FileHandler' driver.
CRITICAL - 2025-11-24 01:11:25 --> Error: Call to undefined method CodeIgniter\View\View::getTimeAgo()
[Method: GET, Route: admin/dashboard]
in APPPATH\Views\admin\dashboard.php on line 110.
 1 SYSTEMPATH\View\View.php(226): include()
 2 SYSTEMPATH\View\View.php(229): CodeIgniter\View\View->CodeIgniter\View\{closure}()
 3 SYSTEMPATH\Common.php(1167): CodeIgniter\View\View->render('admin/dashboard', [], true)
 4 APPPATH\Controllers\Admin.php(59): view('admin/dashboard', [...])
 5 SYSTEMPATH\CodeIgniter.php(933): App\Controllers\Admin->dashboard()
 6 SYSTEMPATH\CodeIgniter.php(507): CodeIgniter\CodeIgniter->runController(Object(App\Controllers\Admin))
 7 SYSTEMPATH\CodeIgniter.php(354): CodeIgniter\CodeIgniter->handleRequest(null, Object(Config\Cache), false)
 8 SYSTEMPATH\Boot.php(363): CodeIgniter\CodeIgniter->run()
 9 SYSTEMPATH\Boot.php(68): CodeIgniter\Boot::runCodeIgniter(Object(CodeIgniter\CodeIgniter))
10 FCPATH\index.php(59): CodeIgniter\Boot::bootWeb(Object(Config\Paths))
11 SYSTEMPATH\rewrite.php(44): require_once('D:\\COMISSION\\kurt2.0\\public\\index.php')
DEBUG - 2025-11-24 01:11:33 --> Session: Class initialized using 'CodeIgniter\Session\Handlers\FileHandler' driver.
CRITICAL - 2025-11-24 01:11:33 --> Error: Call to undefined method CodeIgniter\View\View::getTimeAgo()
[Method: GET, Route: admin/dashboard]
in APPPATH\Views\admin\dashboard.php on line 110.
 1 SYSTEMPATH\View\View.php(226): include()
 2 SYSTEMPATH\View\View.php(229): CodeIgniter\View\View->CodeIgniter\View\{closure}()
 3 SYSTEMPATH\Common.php(1167): CodeIgniter\View\View->render('admin/dashboard', [], true)
 4 APPPATH\Controllers\Admin.php(50): view('admin/dashboard', [...])
 5 SYSTEMPATH\CodeIgniter.php(933): App\Controllers\Admin->dashboard()
 6 SYSTEMPATH\CodeIgniter.php(507): CodeIgniter\CodeIgniter->runController(Object(App\Controllers\Admin))
 7 SYSTEMPATH\CodeIgniter.php(354): CodeIgniter\CodeIgniter->handleRequest(null, Object(Config\Cache), false)
 8 SYSTEMPATH\Boot.php(363): CodeIgniter\CodeIgniter->run()
 9 SYSTEMPATH\Boot.php(68): CodeIgniter\Boot::runCodeIgniter(Object(CodeIgniter\CodeIgniter))
10 FCPATH\index.php(59): CodeIgniter\Boot::bootWeb(Object(Config\Paths))
11 SYSTEMPATH\rewrite.php(44): require_once('D:\\COMISSION\\kurt2.0\\public\\index.php')
DEBUG - 2025-11-24 01:12:50 --> Session: Class initialized using 'CodeIgniter\Session\Handlers\FileHandler' driver.
CRITICAL - 2025-11-24 01:12:51 --> Error: Call to undefined function time_ago()
[Method: GET, Route: admin/dashboard]
in APPPATH\Views\admin\dashboard.php on line 110.
 1 SYSTEMPATH\View\View.php(226): include()
 2 SYSTEMPATH\View\View.php(229): CodeIgniter\View\View->CodeIgniter\View\{closure}()
 3 SYSTEMPATH\Common.php(1167): CodeIgniter\View\View->render('admin/dashboard', [], true)
 4 APPPATH\Controllers\Admin.php(50): view('admin/dashboard', [...])
 5 SYSTEMPATH\CodeIgniter.php(933): App\Controllers\Admin->dashboard()
 6 SYSTEMPATH\CodeIgniter.php(507): CodeIgniter\CodeIgniter->runController(Object(App\Controllers\Admin))
 7 SYSTEMPATH\CodeIgniter.php(354): CodeIgniter\CodeIgniter->handleRequest(null, Object(Config\Cache), false)
 8 SYSTEMPATH\Boot.php(363): CodeIgniter\CodeIgniter->run()
 9 SYSTEMPATH\Boot.php(68): CodeIgniter\Boot::runCodeIgniter(Object(CodeIgniter\CodeIgniter))
10 FCPATH\index.php(59): CodeIgniter\Boot::bootWeb(Object(Config\Paths))
11 SYSTEMPATH\rewrite.php(44): require_once('D:\\COMISSION\\kurt2.0\\public\\index.php')
DEBUG - 2025-11-24 01:14:32 --> Session: Class initialized using 'CodeIgniter\Session\Handlers\FileHandler' driver.
CRITICAL - 2025-11-24 01:14:32 --> Error: Call to undefined method CodeIgniter\View\View::getSimpleTimeAgo()
[Method: GET, Route: admin/dashboard]
in APPPATH\Views\admin\dashboard.php on line 110.
 1 SYSTEMPATH\View\View.php(226): include()
 2 SYSTEMPATH\View\View.php(229): CodeIgniter\View\View->CodeIgniter\View\{closure}()
 3 SYSTEMPATH\Common.php(1167): CodeIgniter\View\View->render('admin/dashboard', [], true)
 4 APPPATH\Controllers\Admin.php(50): view('admin/dashboard', [...])
 5 SYSTEMPATH\CodeIgniter.php(933): App\Controllers\Admin->dashboard()
 6 SYSTEMPATH\CodeIgniter.php(507): CodeIgniter\CodeIgniter->runController(Object(App\Controllers\Admin))
 7 SYSTEMPATH\CodeIgniter.php(354): CodeIgniter\CodeIgniter->handleRequest(null, Object(Config\Cache), false)
 8 SYSTEMPATH\Boot.php(363): CodeIgniter\CodeIgniter->run()
 9 SYSTEMPATH\Boot.php(68): CodeIgniter\Boot::runCodeIgniter(Object(CodeIgniter\CodeIgniter))
10 FCPATH\index.php(59): CodeIgniter\Boot::bootWeb(Object(Config\Paths))
11 SYSTEMPATH\rewrite.php(44): require_once('D:\\COMISSION\\kurt2.0\\public\\index.php')
DEBUG - 2025-11-24 01:14:55 --> Session: Class initialized using 'CodeIgniter\Session\Handlers\FileHandler' driver.
CRITICAL - 2025-11-24 01:14:55 --> Error: Call to undefined method CodeIgniter\View\View::getSimpleTimeAgo()
[Method: GET, Route: admin/dashboard]
in APPPATH\Views\admin\dashboard.php on line 110.
 1 SYSTEMPATH\View\View.php(226): include()
 2 SYSTEMPATH\View\View.php(229): CodeIgniter\View\View->CodeIgniter\View\{closure}()
 3 SYSTEMPATH\Common.php(1167): CodeIgniter\View\View->render('admin/dashboard', [], true)
 4 APPPATH\Controllers\Admin.php(50): view('admin/dashboard', [...])
 5 SYSTEMPATH\CodeIgniter.php(933): App\Controllers\Admin->dashboard()
 6 SYSTEMPATH\CodeIgniter.php(507): CodeIgniter\CodeIgniter->runController(Object(App\Controllers\Admin))
 7 SYSTEMPATH\CodeIgniter.php(354): CodeIgniter\CodeIgniter->handleRequest(null, Object(Config\Cache), false)
 8 SYSTEMPATH\Boot.php(363): CodeIgniter\CodeIgniter->run()
 9 SYSTEMPATH\Boot.php(68): CodeIgniter\Boot::runCodeIgniter(Object(CodeIgniter\CodeIgniter))
10 FCPATH\index.php(59): CodeIgniter\Boot::bootWeb(Object(Config\Paths))
11 SYSTEMPATH\rewrite.php(44): require_once('D:\\COMISSION\\kurt2.0\\public\\index.php')
DEBUG - 2025-11-24 01:16:13 --> Session: Class initialized using 'CodeIgniter\Session\Handlers\FileHandler' driver.
CRITICAL - 2025-11-24 01:16:13 --> Error: Call to undefined method CodeIgniter\View\View::getTimeAgo()
[Method: GET, Route: admin/dashboard]
in APPPATH\Views\admin\dashboard.php on line 110.
 1 SYSTEMPATH\View\View.php(226): include()
 2 SYSTEMPATH\View\View.php(229): CodeIgniter\View\View->CodeIgniter\View\{closure}()
 3 SYSTEMPATH\Common.php(1167): CodeIgniter\View\View->render('admin/dashboard', [], true)
 4 APPPATH\Controllers\Admin.php(53): view('admin/dashboard', [...])
 5 SYSTEMPATH\CodeIgniter.php(933): App\Controllers\Admin->dashboard()
 6 SYSTEMPATH\CodeIgniter.php(507): CodeIgniter\CodeIgniter->runController(Object(App\Controllers\Admin))
 7 SYSTEMPATH\CodeIgniter.php(354): CodeIgniter\CodeIgniter->handleRequest(null, Object(Config\Cache), false)
 8 SYSTEMPATH\Boot.php(363): CodeIgniter\CodeIgniter->run()
 9 SYSTEMPATH\Boot.php(68): CodeIgniter\Boot::runCodeIgniter(Object(CodeIgniter\CodeIgniter))
10 FCPATH\index.php(59): CodeIgniter\Boot::bootWeb(Object(Config\Paths))
11 SYSTEMPATH\rewrite.php(44): require_once('D:\\COMISSION\\kurt2.0\\public\\index.php')
DEBUG - 2025-11-24 01:16:35 --> Session: Class initialized using 'CodeIgniter\Session\Handlers\FileHandler' driver.
DEBUG - 2025-11-24 01:16:56 --> Session: Class initialized using 'CodeIgniter\Session\Handlers\FileHandler' driver.
CRITICAL - 2025-11-24 01:16:57 --> ErrorException: Undefined variable $message
[Method: GET, Route: admin/getRevenueData]
in APPPATH\Views\errors\html\error_404.php on line 77.
 1 APPPATH\Views\errors\html\error_404.php(77): CodeIgniter\Debug\Exceptions->errorHandler(2, 'Undefined variable $message', 'D:\\COMISSION\\kurt2.0\\app\\Views\\errors\\html\\error_404.php', 77)
 2 SYSTEMPATH\View\View.php(226): include('D:\\COMISSION\\kurt2.0\\app\\Views\\errors\\html\\error_404.php')
 3 SYSTEMPATH\View\View.php(229): CodeIgniter\View\View->CodeIgniter\View\{closure}()
 4 SYSTEMPATH\Common.php(1167): CodeIgniter\View\View->render('errors/html/error_404', [], true)
 5 APPPATH\Config\Routes.php(83): view('errors/html/error_404')
 6 SYSTEMPATH\CodeIgniter.php(875): CodeIgniter\Router\RouteCollection->{closure}('admin/getRevenueData')
 7 SYSTEMPATH\CodeIgniter.php(494): CodeIgniter\CodeIgniter->startController()
 8 SYSTEMPATH\CodeIgniter.php(354): CodeIgniter\CodeIgniter->handleRequest(null, Object(Config\Cache), false)
 9 SYSTEMPATH\Boot.php(363): CodeIgniter\CodeIgniter->run()
10 SYSTEMPATH\Boot.php(68): CodeIgniter\Boot::runCodeIgniter(Object(CodeIgniter\CodeIgniter))
11 FCPATH\index.php(59): CodeIgniter\Boot::bootWeb(Object(Config\Paths))
12 SYSTEMPATH\rewrite.php(44): require_once('D:\\COMISSION\\kurt2.0\\public\\index.php')
DEBUG - 2025-11-24 01:17:29 --> Session: Class initialized using 'CodeIgniter\Session\Handlers\FileHandler' driver.
CRITICAL - 2025-11-24 01:17:31 --> ErrorException: Undefined variable $message
[Method: GET, Route: admin/getRevenueData]
in APPPATH\Views\errors\html\error_404.php on line 77.
 1 APPPATH\Views\errors\html\error_404.php(77): CodeIgniter\Debug\Exceptions->errorHandler(2, 'Undefined variable $message', 'D:\\COMISSION\\kurt2.0\\app\\Views\\errors\\html\\error_404.php', 77)
 2 SYSTEMPATH\View\View.php(226): include('D:\\COMISSION\\kurt2.0\\app\\Views\\errors\\html\\error_404.php')
 3 SYSTEMPATH\View\View.php(229): CodeIgniter\View\View->CodeIgniter\View\{closure}()
 4 SYSTEMPATH\Common.php(1167): CodeIgniter\View\View->render('errors/html/error_404', [], true)
 5 APPPATH\Config\Routes.php(83): view('errors/html/error_404')
 6 SYSTEMPATH\CodeIgniter.php(875): CodeIgniter\Router\RouteCollection->{closure}('admin/getRevenueData')
 7 SYSTEMPATH\CodeIgniter.php(494): CodeIgniter\CodeIgniter->startController()
 8 SYSTEMPATH\CodeIgniter.php(354): CodeIgniter\CodeIgniter->handleRequest(null, Object(Config\Cache), false)
 9 SYSTEMPATH\Boot.php(363): CodeIgniter\CodeIgniter->run()
10 SYSTEMPATH\Boot.php(68): CodeIgniter\Boot::runCodeIgniter(Object(CodeIgniter\CodeIgniter))
11 FCPATH\index.php(59): CodeIgniter\Boot::bootWeb(Object(Config\Paths))
12 SYSTEMPATH\rewrite.php(44): require_once('D:\\COMISSION\\kurt2.0\\public\\index.php')
DEBUG - 2025-11-24 01:17:42 --> Session: Class initialized using 'CodeIgniter\Session\Handlers\FileHandler' driver.
DEBUG - 2025-11-24 01:17:45 --> Session: Class initialized using 'CodeIgniter\Session\Handlers\FileHandler' driver.
DEBUG - 2025-11-24 01:19:45 --> Session: Class initialized using 'CodeIgniter\Session\Handlers\FileHandler' driver.
DEBUG - 2025-11-24 01:19:50 --> Session: Class initialized using 'CodeIgniter\Session\Handlers\FileHandler' driver.
DEBUG - 2025-11-24 01:23:26 --> Session: Class initialized using 'CodeIgniter\Session\Handlers\FileHandler' driver.
DEBUG - 2025-11-24 01:27:39 --> Session: Class initialized using 'CodeIgniter\Session\Handlers\FileHandler' driver.
CRITICAL - 2025-11-24 01:27:40 --> Error: Call to undefined method CodeIgniter\Pager\Pager::getCurrent()
[Method: GET, Route: admin/manageCars]
in APPPATH\Views\admin\cars_management.php on line 142.
 1 SYSTEMPATH\View\View.php(226): include()
 2 SYSTEMPATH\View\View.php(229): CodeIgniter\View\View->CodeIgniter\View\{closure}()
 3 SYSTEMPATH\Common.php(1167): CodeIgniter\View\View->render('admin/cars_management', [], true)
 4 APPPATH\Controllers\Admin.php(231): view('admin/cars_management', [...])
 5 SYSTEMPATH\CodeIgniter.php(933): App\Controllers\Admin->manageCars()
 6 SYSTEMPATH\CodeIgniter.php(507): CodeIgniter\CodeIgniter->runController(Object(App\Controllers\Admin))
 7 SYSTEMPATH\CodeIgniter.php(354): CodeIgniter\CodeIgniter->handleRequest(null, Object(Config\Cache), false)
 8 SYSTEMPATH\Boot.php(363): CodeIgniter\CodeIgniter->run()
 9 SYSTEMPATH\Boot.php(68): CodeIgniter\Boot::runCodeIgniter(Object(CodeIgniter\CodeIgniter))
10 FCPATH\index.php(59): CodeIgniter\Boot::bootWeb(Object(Config\Paths))
11 SYSTEMPATH\rewrite.php(44): require_once('D:\\COMISSION\\kurt2.0\\public\\index.php')
DEBUG - 2025-11-24 01:28:20 --> Session: Class initialized using 'CodeIgniter\Session\Handlers\FileHandler' driver.
CRITICAL - 2025-11-24 01:28:21 --> Error: Call to undefined method CodeIgniter\Pager\Pager::getCurrent()
[Method: GET, Route: admin/manageCars]
in APPPATH\Views\admin\cars_management.php on line 142.
 1 SYSTEMPATH\View\View.php(226): include()
 2 SYSTEMPATH\View\View.php(229): CodeIgniter\View\View->CodeIgniter\View\{closure}()
 3 SYSTEMPATH\Common.php(1167): CodeIgniter\View\View->render('admin/cars_management', [], true)
 4 APPPATH\Controllers\Admin.php(231): view('admin/cars_management', [...])
 5 SYSTEMPATH\CodeIgniter.php(933): App\Controllers\Admin->manageCars()
 6 SYSTEMPATH\CodeIgniter.php(507): CodeIgniter\CodeIgniter->runController(Object(App\Controllers\Admin))
 7 SYSTEMPATH\CodeIgniter.php(354): CodeIgniter\CodeIgniter->handleRequest(null, Object(Config\Cache), false)
 8 SYSTEMPATH\Boot.php(363): CodeIgniter\CodeIgniter->run()
 9 SYSTEMPATH\Boot.php(68): CodeIgniter\Boot::runCodeIgniter(Object(CodeIgniter\CodeIgniter))
10 FCPATH\index.php(59): CodeIgniter\Boot::bootWeb(Object(Config\Paths))
11 SYSTEMPATH\rewrite.php(44): require_once('D:\\COMISSION\\kurt2.0\\public\\index.php')
DEBUG - 2025-11-24 01:29:11 --> Session: Class initialized using 'CodeIgniter\Session\Handlers\FileHandler' driver.
CRITICAL - 2025-11-24 01:29:11 --> Error: Call to undefined method CodeIgniter\Pager\Pager::hasPrevious()
[Method: GET, Route: admin/manageCars]
in APPPATH\Views\admin\cars_management.php on line 147.
 1 SYSTEMPATH\View\View.php(226): include()
 2 SYSTEMPATH\View\View.php(229): CodeIgniter\View\View->CodeIgniter\View\{closure}()
 3 SYSTEMPATH\Common.php(1167): CodeIgniter\View\View->render('admin/cars_management', [], true)
 4 APPPATH\Controllers\Admin.php(231): view('admin/cars_management', [...])
 5 SYSTEMPATH\CodeIgniter.php(933): App\Controllers\Admin->manageCars()
 6 SYSTEMPATH\CodeIgniter.php(507): CodeIgniter\CodeIgniter->runController(Object(App\Controllers\Admin))
 7 SYSTEMPATH\CodeIgniter.php(354): CodeIgniter\CodeIgniter->handleRequest(null, Object(Config\Cache), false)
 8 SYSTEMPATH\Boot.php(363): CodeIgniter\CodeIgniter->run()
 9 SYSTEMPATH\Boot.php(68): CodeIgniter\Boot::runCodeIgniter(Object(CodeIgniter\CodeIgniter))
10 FCPATH\index.php(59): CodeIgniter\Boot::bootWeb(Object(Config\Paths))
11 SYSTEMPATH\rewrite.php(44): require_once('D:\\COMISSION\\kurt2.0\\public\\index.php')
DEBUG - 2025-11-24 01:29:23 --> Session: Class initialized using 'CodeIgniter\Session\Handlers\FileHandler' driver.
DEBUG - 2025-11-24 01:29:40 --> Session: Class initialized using 'CodeIgniter\Session\Handlers\FileHandler' driver.
DEBUG - 2025-11-24 01:30:00 --> Session: Class initialized using 'CodeIgniter\Session\Handlers\FileHandler' driver.
CRITICAL - 2025-11-24 01:30:00 --> Error: Call to undefined method CodeIgniter\Pager\Pager::hasPrevious()
[Method: GET, Route: admin/manageCars]
in APPPATH\Views\admin\cars_management.php on line 147.
 1 SYSTEMPATH\View\View.php(226): include()
 2 SYSTEMPATH\View\View.php(229): CodeIgniter\View\View->CodeIgniter\View\{closure}()
 3 SYSTEMPATH\Common.php(1167): CodeIgniter\View\View->render('admin/cars_management', [], true)
 4 APPPATH\Controllers\Admin.php(231): view('admin/cars_management', [...])
 5 SYSTEMPATH\CodeIgniter.php(933): App\Controllers\Admin->manageCars()
 6 SYSTEMPATH\CodeIgniter.php(507): CodeIgniter\CodeIgniter->runController(Object(App\Controllers\Admin))
 7 SYSTEMPATH\CodeIgniter.php(354): CodeIgniter\CodeIgniter->handleRequest(null, Object(Config\Cache), false)
 8 SYSTEMPATH\Boot.php(363): CodeIgniter\CodeIgniter->run()
 9 SYSTEMPATH\Boot.php(68): CodeIgniter\Boot::runCodeIgniter(Object(CodeIgniter\CodeIgniter))
10 FCPATH\index.php(59): CodeIgniter\Boot::bootWeb(Object(Config\Paths))
11 SYSTEMPATH\rewrite.php(44): require_once('D:\\COMISSION\\kurt2.0\\public\\index.php')
DEBUG - 2025-11-24 01:30:28 --> Session: Class initialized using 'CodeIgniter\Session\Handlers\FileHandler' driver.
DEBUG - 2025-11-24 01:30:40 --> Session: Class initialized using 'CodeIgniter\Session\Handlers\FileHandler' driver.
DEBUG - 2025-11-24 01:31:00 --> Session: Class initialized using 'CodeIgniter\Session\Handlers\FileHandler' driver.
DEBUG - 2025-11-24 01:31:18 --> Session: Class initialized using 'CodeIgniter\Session\Handlers\FileHandler' driver.
DEBUG - 2025-11-24 01:31:30 --> Session: Class initialized using 'CodeIgniter\Session\Handlers\FileHandler' driver.
DEBUG - 2025-11-24 01:31:30 --> Session: Class initialized using 'CodeIgniter\Session\Handlers\FileHandler' driver.
DEBUG - 2025-11-24 01:45:20 --> Session: Class initialized using 'CodeIgniter\Session\Handlers\FileHandler' driver.
DEBUG - 2025-11-24 01:45:20 --> Session: Class initialized using 'CodeIgniter\Session\Handlers\FileHandler' driver.
DEBUG - 2025-11-24 01:57:04 --> Session: Class initialized using 'CodeIgniter\Session\Handlers\FileHandler' driver.
DEBUG - 2025-11-24 01:57:08 --> Session: Class initialized using 'CodeIgniter\Session\Handlers\FileHandler' driver.
DEBUG - 2025-11-24 01:57:31 --> Session: Class initialized using 'CodeIgniter\Session\Handlers\FileHandler' driver.
DEBUG - 2025-11-24 01:57:31 --> Session: Class initialized using 'CodeIgniter\Session\Handlers\FileHandler' driver.
DEBUG - 2025-11-24 01:59:29 --> Session: Class initialized using 'CodeIgniter\Session\Handlers\FileHandler' driver.
DEBUG - 2025-11-24 01:59:31 --> Session: Class initialized using 'CodeIgniter\Session\Handlers\FileHandler' driver.
DEBUG - 2025-11-24 01:59:40 --> Session: Class initialized using 'CodeIgniter\Session\Handlers\FileHandler' driver.
DEBUG - 2025-11-24 01:59:40 --> Session: Class initialized using 'CodeIgniter\Session\Handlers\FileHandler' driver.
DEBUG - 2025-11-24 01:59:44 --> Session: Class initialized using 'CodeIgniter\Session\Handlers\FileHandler' driver.
DEBUG - 2025-11-24 01:59:45 --> Session: Class initialized using 'CodeIgniter\Session\Handlers\FileHandler' driver.
DEBUG - 2025-11-24 01:59:52 --> Session: Class initialized using 'CodeIgniter\Session\Handlers\FileHandler' driver.
DEBUG - 2025-11-24 01:59:52 --> Session: Class initialized using 'CodeIgniter\Session\Handlers\FileHandler' driver.
DEBUG - 2025-11-24 02:02:47 --> Session: Class initialized using 'CodeIgniter\Session\Handlers\FileHandler' driver.
DEBUG - 2025-11-24 02:02:50 --> Session: Class initialized using 'CodeIgniter\Session\Handlers\FileHandler' driver.
DEBUG - 2025-11-24 02:02:55 --> Session: Class initialized using 'CodeIgniter\Session\Handlers\FileHandler' driver.
DEBUG - 2025-11-24 02:02:55 --> Attempting to update car with data: Array
(
    [id] => 9
    [brand] => Kurt
    [model] => Kurt102
    [year] => 2023
    [color] => White
    [plate_number] => 993987469123
    [capacity] => 7
    [transmission] => automatic
    [daily_rate] => 100
    [status] => available
    [description] => 
    [updated_at] => 2025-11-24 02:02:55
)

ERROR - 2025-11-24 02:02:55 --> Database error: Array
(
    [code] => 0
    [message] => 
)

DEBUG - 2025-11-24 02:02:56 --> Session: Class initialized using 'CodeIgniter\Session\Handlers\FileHandler' driver.
DEBUG - 2025-11-24 02:05:08 --> Session: Class initialized using 'CodeIgniter\Session\Handlers\FileHandler' driver.
DEBUG - 2025-11-24 02:05:50 --> Session: Class initialized using 'CodeIgniter\Session\Handlers\FileHandler' driver.
DEBUG - 2025-11-24 02:05:55 --> Session: Class initialized using 'CodeIgniter\Session\Handlers\FileHandler' driver.
DEBUG - 2025-11-24 02:05:55 --> === START updateCar DEBUG ===
DEBUG - 2025-11-24 02:05:55 --> Car ID: 9
DEBUG - 2025-11-24 02:05:55 --> POST Data: Array
(
    [brand] => Kurt
    [model] => Kurt102
    [year] => 2023
    [color] => White
    [plate_number] => 993987469123
    [capacity] => 7
    [transmission] => automatic
    [daily_rate] => 100
    [status] => available
    [description] => 
)

DEBUG - 2025-11-24 02:05:55 --> Files Data: Array
(
    [image] => CodeIgniter\HTTP\Files\UploadedFile Object
        (
            [size:protected] => 0
            [originalMimeType:protected] => 
            [path:protected] => 
            [clientPath:protected] => 
            [originalName:protected] => 
            [name:protected] => 
            [error:protected] => 4
            [hasMoved:protected] => 
            [pathName:SplFileInfo:private] => 
            [fileName:SplFileInfo:private] => 
        )

)

DEBUG - 2025-11-24 02:05:55 --> Existing car data: Array
(
    [id] => 9
    [brand] => Kurt
    [model] => Kurt102
    [year] => 2023
    [color] => White
    [plate_number] => 993987469123
    [capacity] => 7
    [transmission] => automatic
    [daily_rate] => 100000.00
    [status] => available
    [image] => 1763945290_c8e9f1dc0385541366e0.jpg
    [description] => 
    [created_at] => 2025-11-24 00:48:09
    [updated_at] => 2025-11-24 00:48:10
)

DEBUG - 2025-11-24 02:05:55 --> Validation rules defined
DEBUG - 2025-11-24 02:05:55 --> Validation PASSED
DEBUG - 2025-11-24 02:05:55 --> Car data prepared: Array
(
    [id] => 9
    [brand] => Kurt
    [model] => Kurt102
    [year] => 2023
    [color] => White
    [plate_number] => 993987469123
    [capacity] => 7
    [transmission] => automatic
    [daily_rate] => 100
    [status] => available
    [description] => 
    [updated_at] => 2025-11-24 02:05:55
)

DEBUG - 2025-11-24 02:05:55 --> Image file object: Present
DEBUG - 2025-11-24 02:05:55 --> No image uploaded or image invalid
DEBUG - 2025-11-24 02:05:55 --> Image errors: No file was uploaded.
DEBUG - 2025-11-24 02:05:55 --> Database connection successful
WARNING - 2025-11-24 02:05:55 --> [DEPRECATED] Creation of dynamic property CodeIgniter\Database\MySQLi\Connection::$logQueries is deprecated in APPPATH\Controllers\Admin.php on line 403.
 1 SYSTEMPATH\CodeIgniter.php(933): App\Controllers\Admin->updateCar('9')
 2 SYSTEMPATH\CodeIgniter.php(507): CodeIgniter\CodeIgniter->runController(Object(App\Controllers\Admin))
 3 SYSTEMPATH\CodeIgniter.php(354): CodeIgniter\CodeIgniter->handleRequest(null, Object(Config\Cache), false)
 4 SYSTEMPATH\Boot.php(363): CodeIgniter\CodeIgniter->run()
 5 SYSTEMPATH\Boot.php(68): CodeIgniter\Boot::runCodeIgniter(Object(CodeIgniter\CodeIgniter))
 6 FCPATH\index.php(59): CodeIgniter\Boot::bootWeb(Object(Config\Paths))
 7 SYSTEMPATH\rewrite.php(44): require_once('D:\\COMISSION\\kurt2.0\\public\\index.php')
DEBUG - 2025-11-24 02:05:55 --> Attempting to save car data...
DEBUG - 2025-11-24 02:05:55 --> Save method result: FALSE
ERROR - 2025-11-24 02:05:55 --> Model errors: Array
(
    [plate_number] => The plate_number field must contain a unique value.
)

ERROR - 2025-11-24 02:05:55 --> Database error: Array
(
    [code] => 0
    [message] => 
)

CRITICAL - 2025-11-24 02:05:55 --> Error: Call to undefined method CodeIgniter\Database\MySQLi\Connection::getQueries()
[Method: POST, Route: admin/updateCar/9]
in APPPATH\Controllers\Admin.php on line 431.
 1 SYSTEMPATH\CodeIgniter.php(933): App\Controllers\Admin->updateCar('9')
 2 SYSTEMPATH\CodeIgniter.php(507): CodeIgniter\CodeIgniter->runController(Object(App\Controllers\Admin))
 3 SYSTEMPATH\CodeIgniter.php(354): CodeIgniter\CodeIgniter->handleRequest(null, Object(Config\Cache), false)
 4 SYSTEMPATH\Boot.php(363): CodeIgniter\CodeIgniter->run()
 5 SYSTEMPATH\Boot.php(68): CodeIgniter\Boot::runCodeIgniter(Object(CodeIgniter\CodeIgniter))
 6 FCPATH\index.php(59): CodeIgniter\Boot::bootWeb(Object(Config\Paths))
 7 SYSTEMPATH\rewrite.php(44): require_once('D:\\COMISSION\\kurt2.0\\public\\index.php')
DEBUG - 2025-11-24 02:06:17 --> Session: Class initialized using 'CodeIgniter\Session\Handlers\FileHandler' driver.
DEBUG - 2025-11-24 02:06:20 --> Session: Class initialized using 'CodeIgniter\Session\Handlers\FileHandler' driver.
DEBUG - 2025-11-24 02:06:27 --> Session: Class initialized using 'CodeIgniter\Session\Handlers\FileHandler' driver.
DEBUG - 2025-11-24 02:06:31 --> Session: Class initialized using 'CodeIgniter\Session\Handlers\FileHandler' driver.
DEBUG - 2025-11-24 02:06:46 --> Session: Class initialized using 'CodeIgniter\Session\Handlers\FileHandler' driver.
DEBUG - 2025-11-24 02:06:49 --> Session: Class initialized using 'CodeIgniter\Session\Handlers\FileHandler' driver.
DEBUG - 2025-11-24 02:06:50 --> Session: Class initialized using 'CodeIgniter\Session\Handlers\FileHandler' driver.
DEBUG - 2025-11-24 02:06:55 --> Session: Class initialized using 'CodeIgniter\Session\Handlers\FileHandler' driver.
DEBUG - 2025-11-24 02:07:28 --> Session: Class initialized using 'CodeIgniter\Session\Handlers\FileHandler' driver.
DEBUG - 2025-11-24 02:07:40 --> Session: Class initialized using 'CodeIgniter\Session\Handlers\FileHandler' driver.
DEBUG - 2025-11-24 02:07:40 --> === START updateCar DEBUG ===
DEBUG - 2025-11-24 02:07:40 --> Car ID: 9
DEBUG - 2025-11-24 02:07:40 --> POST Data: Array
(
    [brand] => Kurt
    [model] => Kurt102
    [year] => 2023
    [color] => White
    [plate_number] => 993987469123
    [capacity] => 7
    [transmission] => automatic
    [daily_rate] => 100
    [status] => available
    [description] => 
)

DEBUG - 2025-11-24 02:07:40 --> Files Data: Array
(
    [image] => CodeIgniter\HTTP\Files\UploadedFile Object
        (
            [size:protected] => 0
            [originalMimeType:protected] => 
            [path:protected] => 
            [clientPath:protected] => 
            [originalName:protected] => 
            [name:protected] => 
            [error:protected] => 4
            [hasMoved:protected] => 
            [pathName:SplFileInfo:private] => 
            [fileName:SplFileInfo:private] => 
        )

)

DEBUG - 2025-11-24 02:07:40 --> Existing car data: Array
(
    [id] => 9
    [brand] => Kurt
    [model] => Kurt102
    [year] => 2023
    [color] => White
    [plate_number] => 993987469123
    [capacity] => 7
    [transmission] => automatic
    [daily_rate] => 100000.00
    [status] => available
    [image] => 1763945290_c8e9f1dc0385541366e0.jpg
    [description] => 
    [created_at] => 2025-11-24 00:48:09
    [updated_at] => 2025-11-24 00:48:10
)

DEBUG - 2025-11-24 02:07:40 --> Validation rules defined
DEBUG - 2025-11-24 02:07:40 --> Validation PASSED
DEBUG - 2025-11-24 02:07:40 --> Car data prepared: Array
(
    [id] => 9
    [brand] => Kurt
    [model] => Kurt102
    [year] => 2023
    [color] => White
    [plate_number] => 993987469123
    [capacity] => 7
    [transmission] => automatic
    [daily_rate] => 100
    [status] => available
    [description] => 
    [updated_at] => 2025-11-24 02:07:40
)

DEBUG - 2025-11-24 02:07:40 --> Image file object: Present
DEBUG - 2025-11-24 02:07:40 --> No image uploaded or image invalid
DEBUG - 2025-11-24 02:07:40 --> Image errors: No file was uploaded.
DEBUG - 2025-11-24 02:07:40 --> Database connection successful
WARNING - 2025-11-24 02:07:40 --> [DEPRECATED] Creation of dynamic property CodeIgniter\Database\MySQLi\Connection::$logQueries is deprecated in APPPATH\Controllers\Admin.php on line 403.
 1 SYSTEMPATH\CodeIgniter.php(933): App\Controllers\Admin->updateCar('9')
 2 SYSTEMPATH\CodeIgniter.php(507): CodeIgniter\CodeIgniter->runController(Object(App\Controllers\Admin))
 3 SYSTEMPATH\CodeIgniter.php(354): CodeIgniter\CodeIgniter->handleRequest(null, Object(Config\Cache), false)
 4 SYSTEMPATH\Boot.php(363): CodeIgniter\CodeIgniter->run()
 5 SYSTEMPATH\Boot.php(68): CodeIgniter\Boot::runCodeIgniter(Object(CodeIgniter\CodeIgniter))
 6 FCPATH\index.php(59): CodeIgniter\Boot::bootWeb(Object(Config\Paths))
 7 SYSTEMPATH\rewrite.php(44): require_once('D:\\COMISSION\\kurt2.0\\public\\index.php')
DEBUG - 2025-11-24 02:07:40 --> Attempting to save car data...
DEBUG - 2025-11-24 02:07:40 --> Save method result: FALSE
ERROR - 2025-11-24 02:07:40 --> Model errors: Array
(
    [plate_number] => The plate_number field must contain a unique value.
)

ERROR - 2025-11-24 02:07:40 --> Database error: Array
(
    [code] => 0
    [message] => 
)

CRITICAL - 2025-11-24 02:07:40 --> Error: Call to undefined method CodeIgniter\Database\MySQLi\Connection::getQueries()
[Method: POST, Route: admin/updateCar/9]
in APPPATH\Controllers\Admin.php on line 431.
 1 SYSTEMPATH\CodeIgniter.php(933): App\Controllers\Admin->updateCar('9')
 2 SYSTEMPATH\CodeIgniter.php(507): CodeIgniter\CodeIgniter->runController(Object(App\Controllers\Admin))
 3 SYSTEMPATH\CodeIgniter.php(354): CodeIgniter\CodeIgniter->handleRequest(null, Object(Config\Cache), false)
 4 SYSTEMPATH\Boot.php(363): CodeIgniter\CodeIgniter->run()
 5 SYSTEMPATH\Boot.php(68): CodeIgniter\Boot::runCodeIgniter(Object(CodeIgniter\CodeIgniter))
 6 FCPATH\index.php(59): CodeIgniter\Boot::bootWeb(Object(Config\Paths))
 7 SYSTEMPATH\rewrite.php(44): require_once('D:\\COMISSION\\kurt2.0\\public\\index.php')
DEBUG - 2025-11-24 02:09:05 --> Session: Class initialized using 'CodeIgniter\Session\Handlers\FileHandler' driver.
DEBUG - 2025-11-24 02:09:08 --> Session: Class initialized using 'CodeIgniter\Session\Handlers\FileHandler' driver.
DEBUG - 2025-11-24 02:09:26 --> Session: Class initialized using 'CodeIgniter\Session\Handlers\FileHandler' driver.
DEBUG - 2025-11-24 02:09:26 --> === START updateCar DEBUG ===
DEBUG - 2025-11-24 02:09:26 --> Car ID: 9
DEBUG - 2025-11-24 02:09:26 --> POST Data: Array
(
    [brand] => Kurt
    [model] => Kurt102
    [year] => 2023
    [color] => White
    [plate_number] => 993987469123
    [capacity] => 7
    [transmission] => automatic
    [daily_rate] => 100
    [status] => available
    [description] => beautiful
)

DEBUG - 2025-11-24 02:09:26 --> Existing car data: Array
(
    [id] => 9
    [brand] => Kurt
    [model] => Kurt102
    [year] => 2023
    [color] => White
    [plate_number] => 993987469123
    [capacity] => 7
    [transmission] => automatic
    [daily_rate] => 100000.00
    [status] => available
    [image] => 1763945290_c8e9f1dc0385541366e0.jpg
    [description] => 
    [created_at] => 2025-11-24 00:48:09
    [updated_at] => 2025-11-24 00:48:10
)

DEBUG - 2025-11-24 02:09:26 --> Validation rules defined
DEBUG - 2025-11-24 02:09:26 --> Validation PASSED
DEBUG - 2025-11-24 02:09:26 --> Car data prepared: Array
(
    [id] => 9
    [brand] => Kurt
    [model] => Kurt102
    [year] => 2023
    [color] => White
    [plate_number] => 993987469123
    [capacity] => 7
    [transmission] => automatic
    [daily_rate] => 100
    [status] => available
    [description] => beautiful
    [updated_at] => 2025-11-24 02:09:26
)

DEBUG - 2025-11-24 02:09:26 --> Image file: 
DEBUG - 2025-11-24 02:09:26 --> No image uploaded or image invalid
DEBUG - 2025-11-24 02:09:26 --> Image errors: No file was uploaded.
DEBUG - 2025-11-24 02:09:26 --> Database connection successful
DEBUG - 2025-11-24 02:09:26 --> Attempting to save car data...
DEBUG - 2025-11-24 02:09:26 --> Save method result: FALSE
ERROR - 2025-11-24 02:09:26 --> Model errors: Array
(
    [plate_number] => The plate_number field must contain a unique value.
)

ERROR - 2025-11-24 02:09:26 --> Database error: Array
(
    [code] => 0
    [message] => 
)

DEBUG - 2025-11-24 02:09:26 --> Trying alternative update method...
DEBUG - 2025-11-24 02:09:26 --> Direct update result: TRUE
DEBUG - 2025-11-24 02:09:26 --> === END updateCar DEBUG ===
DEBUG - 2025-11-24 02:09:26 --> Session: Class initialized using 'CodeIgniter\Session\Handlers\FileHandler' driver.
CRITICAL - 2025-11-24 02:09:30 --> ErrorException: Undefined variable $message
[Method: GET, Route: .well-known/appspecific/com.chrome.devtools.json]
in APPPATH\Views\errors\html\error_404.php on line 77.
 1 APPPATH\Views\errors\html\error_404.php(77): CodeIgniter\Debug\Exceptions->errorHandler(2, 'Undefined variable $message', 'D:\\COMISSION\\kurt2.0\\app\\Views\\errors\\html\\error_404.php', 77)
 2 SYSTEMPATH\View\View.php(226): include('D:\\COMISSION\\kurt2.0\\app\\Views\\errors\\html\\error_404.php')
 3 SYSTEMPATH\View\View.php(229): CodeIgniter\View\View->CodeIgniter\View\{closure}()
 4 SYSTEMPATH\Common.php(1167): CodeIgniter\View\View->render('errors/html/error_404', [], true)
 5 APPPATH\Config\Routes.php(83): view('errors/html/error_404')
 6 SYSTEMPATH\CodeIgniter.php(875): CodeIgniter\Router\RouteCollection->{closure}('.well-known/appspecific/com.chrome.devtools.json')
 7 SYSTEMPATH\CodeIgniter.php(494): CodeIgniter\CodeIgniter->startController()
 8 SYSTEMPATH\CodeIgniter.php(354): CodeIgniter\CodeIgniter->handleRequest(null, Object(Config\Cache), false)
 9 SYSTEMPATH\Boot.php(363): CodeIgniter\CodeIgniter->run()
10 SYSTEMPATH\Boot.php(68): CodeIgniter\Boot::runCodeIgniter(Object(CodeIgniter\CodeIgniter))
11 FCPATH\index.php(59): CodeIgniter\Boot::bootWeb(Object(Config\Paths))
12 SYSTEMPATH\rewrite.php(44): require_once('D:\\COMISSION\\kurt2.0\\public\\index.php')
DEBUG - 2025-11-24 02:09:33 --> Session: Class initialized using 'CodeIgniter\Session\Handlers\FileHandler' driver.
DEBUG - 2025-11-24 02:09:33 --> === START updateCar DEBUG ===
DEBUG - 2025-11-24 02:09:33 --> Car ID: 9
DEBUG - 2025-11-24 02:09:33 --> POST Data: Array
(
    [brand] => Kurt
    [model] => Kurt102
    [year] => 2023
    [color] => White
    [plate_number] => 993987469123
    [capacity] => 7
    [transmission] => automatic
    [daily_rate] => 100
    [status] => available
    [description] => beautiful
)

DEBUG - 2025-11-24 02:09:34 --> Existing car data: Array
(
    [id] => 9
    [brand] => Kurt
    [model] => Kurt102
    [year] => 2023
    [color] => White
    [plate_number] => 993987469123
    [capacity] => 7
    [transmission] => automatic
    [daily_rate] => 100.00
    [status] => available
    [image] => 1763945290_c8e9f1dc0385541366e0.jpg
    [description] => beautiful
    [created_at] => 2025-11-24 00:48:09
    [updated_at] => 2025-11-24 02:09:26
)

DEBUG - 2025-11-24 02:09:34 --> Validation rules defined
DEBUG - 2025-11-24 02:09:34 --> Validation PASSED
DEBUG - 2025-11-24 02:09:34 --> Car data prepared: Array
(
    [id] => 9
    [brand] => Kurt
    [model] => Kurt102
    [year] => 2023
    [color] => White
    [plate_number] => 993987469123
    [capacity] => 7
    [transmission] => automatic
    [daily_rate] => 100
    [status] => available
    [description] => beautiful
    [updated_at] => 2025-11-24 02:09:34
)

DEBUG - 2025-11-24 02:09:34 --> Image file: 
DEBUG - 2025-11-24 02:09:34 --> No image uploaded or image invalid
DEBUG - 2025-11-24 02:09:34 --> Image errors: No file was uploaded.
DEBUG - 2025-11-24 02:09:34 --> Database connection successful
DEBUG - 2025-11-24 02:09:34 --> Attempting to save car data...
DEBUG - 2025-11-24 02:09:34 --> Save method result: FALSE
ERROR - 2025-11-24 02:09:34 --> Model errors: Array
(
    [plate_number] => The plate_number field must contain a unique value.
)

ERROR - 2025-11-24 02:09:34 --> Database error: Array
(
    [code] => 0
    [message] => 
)

DEBUG - 2025-11-24 02:09:34 --> Trying alternative update method...
DEBUG - 2025-11-24 02:09:34 --> Direct update result: TRUE
DEBUG - 2025-11-24 02:09:34 --> === END updateCar DEBUG ===
DEBUG - 2025-11-24 02:09:34 --> Session: Class initialized using 'CodeIgniter\Session\Handlers\FileHandler' driver.
CRITICAL - 2025-11-24 02:09:34 --> ErrorException: Undefined variable $message
[Method: GET, Route: .well-known/appspecific/com.chrome.devtools.json]
in APPPATH\Views\errors\html\error_404.php on line 77.
 1 APPPATH\Views\errors\html\error_404.php(77): CodeIgniter\Debug\Exceptions->errorHandler(2, 'Undefined variable $message', 'D:\\COMISSION\\kurt2.0\\app\\Views\\errors\\html\\error_404.php', 77)
 2 SYSTEMPATH\View\View.php(226): include('D:\\COMISSION\\kurt2.0\\app\\Views\\errors\\html\\error_404.php')
 3 SYSTEMPATH\View\View.php(229): CodeIgniter\View\View->CodeIgniter\View\{closure}()
 4 SYSTEMPATH\Common.php(1167): CodeIgniter\View\View->render('errors/html/error_404', [], true)
 5 APPPATH\Config\Routes.php(83): view('errors/html/error_404')
 6 SYSTEMPATH\CodeIgniter.php(875): CodeIgniter\Router\RouteCollection->{closure}('.well-known/appspecific/com.chrome.devtools.json')
 7 SYSTEMPATH\CodeIgniter.php(494): CodeIgniter\CodeIgniter->startController()
 8 SYSTEMPATH\CodeIgniter.php(354): CodeIgniter\CodeIgniter->handleRequest(null, Object(Config\Cache), false)
 9 SYSTEMPATH\Boot.php(363): CodeIgniter\CodeIgniter->run()
10 SYSTEMPATH\Boot.php(68): CodeIgniter\Boot::runCodeIgniter(Object(CodeIgniter\CodeIgniter))
11 FCPATH\index.php(59): CodeIgniter\Boot::bootWeb(Object(Config\Paths))
12 SYSTEMPATH\rewrite.php(44): require_once('D:\\COMISSION\\kurt2.0\\public\\index.php')
DEBUG - 2025-11-24 02:12:13 --> Session: Class initialized using 'CodeIgniter\Session\Handlers\FileHandler' driver.
CRITICAL - 2025-11-24 02:12:13 --> ErrorException: Undefined variable $message
[Method: GET, Route: .well-known/appspecific/com.chrome.devtools.json]
in APPPATH\Views\errors\html\error_404.php on line 77.
 1 APPPATH\Views\errors\html\error_404.php(77): CodeIgniter\Debug\Exceptions->errorHandler(2, 'Undefined variable $message', 'D:\\COMISSION\\kurt2.0\\app\\Views\\errors\\html\\error_404.php', 77)
 2 SYSTEMPATH\View\View.php(226): include('D:\\COMISSION\\kurt2.0\\app\\Views\\errors\\html\\error_404.php')
 3 SYSTEMPATH\View\View.php(229): CodeIgniter\View\View->CodeIgniter\View\{closure}()
 4 SYSTEMPATH\Common.php(1167): CodeIgniter\View\View->render('errors/html/error_404', [], true)
 5 APPPATH\Config\Routes.php(83): view('errors/html/error_404')
 6 SYSTEMPATH\CodeIgniter.php(875): CodeIgniter\Router\RouteCollection->{closure}('.well-known/appspecific/com.chrome.devtools.json')
 7 SYSTEMPATH\CodeIgniter.php(494): CodeIgniter\CodeIgniter->startController()
 8 SYSTEMPATH\CodeIgniter.php(354): CodeIgniter\CodeIgniter->handleRequest(null, Object(Config\Cache), false)
 9 SYSTEMPATH\Boot.php(363): CodeIgniter\CodeIgniter->run()
10 SYSTEMPATH\Boot.php(68): CodeIgniter\Boot::runCodeIgniter(Object(CodeIgniter\CodeIgniter))
11 FCPATH\index.php(59): CodeIgniter\Boot::bootWeb(Object(Config\Paths))
12 SYSTEMPATH\rewrite.php(44): require_once('D:\\COMISSION\\kurt2.0\\public\\index.php')
DEBUG - 2025-11-24 02:12:16 --> Session: Class initialized using 'CodeIgniter\Session\Handlers\FileHandler' driver.
DEBUG - 2025-11-24 02:12:24 --> Session: Class initialized using 'CodeIgniter\Session\Handlers\FileHandler' driver.
DEBUG - 2025-11-24 02:12:24 --> Updating car data: Array
(
    [id] => 9
    [brand] => Kurt
    [model] => Kurt102
    [year] => 2023
    [color] => White
    [plate_number] => 993987469123
    [capacity] => 7
    [transmission] => automatic
    [daily_rate] => 90
    [status] => available
    [description] => beautiful
    [updated_at] => 2025-11-24 02:12:24
)

ERROR - 2025-11-24 02:12:24 --> Failed to update car. Model errors: Array
(
    [plate_number] => The plate_number field must contain a unique value.
)

ERROR - 2025-11-24 02:12:24 --> Database error: Array
(
    [code] => 0
    [message] => 
)

DEBUG - 2025-11-24 02:12:24 --> Session: Class initialized using 'CodeIgniter\Session\Handlers\FileHandler' driver.
DEBUG - 2025-11-24 02:12:32 --> Session: Class initialized using 'CodeIgniter\Session\Handlers\FileHandler' driver.
DEBUG - 2025-11-24 02:12:36 --> Session: Class initialized using 'CodeIgniter\Session\Handlers\FileHandler' driver.
DEBUG - 2025-11-24 02:12:38 --> Session: Class initialized using 'CodeIgniter\Session\Handlers\FileHandler' driver.
DEBUG - 2025-11-24 02:13:19 --> Session: Class initialized using 'CodeIgniter\Session\Handlers\FileHandler' driver.
DEBUG - 2025-11-24 02:13:41 --> Session: Class initialized using 'CodeIgniter\Session\Handlers\FileHandler' driver.
DEBUG - 2025-11-24 02:13:55 --> Session: Class initialized using 'CodeIgniter\Session\Handlers\FileHandler' driver.
DEBUG - 2025-11-24 02:14:04 --> Session: Class initialized using 'CodeIgniter\Session\Handlers\FileHandler' driver.
DEBUG - 2025-11-24 02:14:04 --> Updating car data: Array
(
    [id] => 9
    [brand] => Kurt
    [model] => Kurt102
    [year] => 2023
    [color] => White
    [plate_number] => 993987469123
    [capacity] => 7
    [transmission] => automatic
    [daily_rate] => 90
    [status] => available
    [description] => beautiful
    [updated_at] => 2025-11-24 02:14:04
)

ERROR - 2025-11-24 02:14:04 --> Failed to update car. Model errors: Array
(
    [plate_number] => The plate_number field must contain a unique value.
)

ERROR - 2025-11-24 02:14:04 --> Database error: Array
(
    [code] => 0
    [message] => 
)

DEBUG - 2025-11-24 02:14:05 --> Session: Class initialized using 'CodeIgniter\Session\Handlers\FileHandler' driver.
DEBUG - 2025-11-24 02:15:20 --> Session: Class initialized using 'CodeIgniter\Session\Handlers\FileHandler' driver.
DEBUG - 2025-11-24 02:15:25 --> Session: Class initialized using 'CodeIgniter\Session\Handlers\FileHandler' driver.
DEBUG - 2025-11-24 02:15:25 --> Updating car data: Array
(
    [id] => 9
    [brand] => Kurt
    [model] => Kurt102
    [year] => 2023
    [color] => White
    [plate_number] => 993987469123
    [capacity] => 7
    [transmission] => automatic
    [daily_rate] => 90
    [status] => available
    [description] => beautiful
    [updated_at] => 2025-11-24 02:15:25
)

ERROR - 2025-11-24 02:15:25 --> Failed to update car. Model errors: Array
(
    [plate_number] => The plate_number field must contain a unique value.
)

ERROR - 2025-11-24 02:15:25 --> Database error: Array
(
    [code] => 0
    [message] => 
)

DEBUG - 2025-11-24 02:15:25 --> Session: Class initialized using 'CodeIgniter\Session\Handlers\FileHandler' driver.
DEBUG - 2025-11-24 02:17:33 --> Session: Class initialized using 'CodeIgniter\Session\Handlers\FileHandler' driver.
DEBUG - 2025-11-24 02:17:36 --> Session: Class initialized using 'CodeIgniter\Session\Handlers\FileHandler' driver.
DEBUG - 2025-11-24 02:17:41 --> Session: Class initialized using 'CodeIgniter\Session\Handlers\FileHandler' driver.
DEBUG - 2025-11-24 02:17:41 --> Session: Class initialized using 'CodeIgniter\Session\Handlers\FileHandler' driver.
DEBUG - 2025-11-24 02:18:21 --> Session: Class initialized using 'CodeIgniter\Session\Handlers\FileHandler' driver.
DEBUG - 2025-11-24 02:18:23 --> Session: Class initialized using 'CodeIgniter\Session\Handlers\FileHandler' driver.
DEBUG - 2025-11-24 02:18:29 --> Session: Class initialized using 'CodeIgniter\Session\Handlers\FileHandler' driver.
DEBUG - 2025-11-24 02:18:29 --> Session: Class initialized using 'CodeIgniter\Session\Handlers\FileHandler' driver.
DEBUG - 2025-11-24 02:19:26 --> Session: Class initialized using 'CodeIgniter\Session\Handlers\FileHandler' driver.
DEBUG - 2025-11-24 02:19:28 --> Session: Class initialized using 'CodeIgniter\Session\Handlers\FileHandler' driver.
DEBUG - 2025-11-24 02:19:33 --> Session: Class initialized using 'CodeIgniter\Session\Handlers\FileHandler' driver.
DEBUG - 2025-11-24 02:19:34 --> Session: Class initialized using 'CodeIgniter\Session\Handlers\FileHandler' driver.
DEBUG - 2025-11-24 02:19:38 --> Session: Class initialized using 'CodeIgniter\Session\Handlers\FileHandler' driver.
DEBUG - 2025-11-24 02:20:29 --> Session: Class initialized using 'CodeIgniter\Session\Handlers\FileHandler' driver.
DEBUG - 2025-11-24 02:21:26 --> Session: Class initialized using 'CodeIgniter\Session\Handlers\FileHandler' driver.
DEBUG - 2025-11-24 02:21:28 --> Session: Class initialized using 'CodeIgniter\Session\Handlers\FileHandler' driver.
DEBUG - 2025-11-24 02:21:35 --> Session: Class initialized using 'CodeIgniter\Session\Handlers\FileHandler' driver.
DEBUG - 2025-11-24 02:25:21 --> Session: Class initialized using 'CodeIgniter\Session\Handlers\FileHandler' driver.
DEBUG - 2025-11-24 02:25:23 --> Session: Class initialized using 'CodeIgniter\Session\Handlers\FileHandler' driver.
DEBUG - 2025-11-24 02:25:29 --> Session: Class initialized using 'CodeIgniter\Session\Handlers\FileHandler' driver.
DEBUG - 2025-11-24 02:25:30 --> Session: Class initialized using 'CodeIgniter\Session\Handlers\FileHandler' driver.
DEBUG - 2025-11-24 02:25:33 --> Session: Class initialized using 'CodeIgniter\Session\Handlers\FileHandler' driver.
DEBUG - 2025-11-24 02:25:46 --> Session: Class initialized using 'CodeIgniter\Session\Handlers\FileHandler' driver.
DEBUG - 2025-11-24 02:25:46 --> Session: Class initialized using 'CodeIgniter\Session\Handlers\FileHandler' driver.
DEBUG - 2025-11-24 02:28:04 --> Session: Class initialized using 'CodeIgniter\Session\Handlers\FileHandler' driver.
DEBUG - 2025-11-24 02:28:15 --> Session: Class initialized using 'CodeIgniter\Session\Handlers\FileHandler' driver.
DEBUG - 2025-11-24 02:28:15 --> Session: Class initialized using 'CodeIgniter\Session\Handlers\FileHandler' driver.
DEBUG - 2025-11-24 02:30:30 --> Session: Class initialized using 'CodeIgniter\Session\Handlers\FileHandler' driver.
DEBUG - 2025-11-24 02:30:37 --> Session: Class initialized using 'CodeIgniter\Session\Handlers\FileHandler' driver.
DEBUG - 2025-11-24 02:30:37 --> Session: Class initialized using 'CodeIgniter\Session\Handlers\FileHandler' driver.
DEBUG - 2025-11-24 02:34:56 --> Session: Class initialized using 'CodeIgniter\Session\Handlers\FileHandler' driver.
DEBUG - 2025-11-24 02:35:07 --> Session: Class initialized using 'CodeIgniter\Session\Handlers\FileHandler' driver.
DEBUG - 2025-11-24 02:35:14 --> Session: Class initialized using 'CodeIgniter\Session\Handlers\FileHandler' driver.
DEBUG - 2025-11-24 02:35:26 --> Session: Class initialized using 'CodeIgniter\Session\Handlers\FileHandler' driver.
DEBUG - 2025-11-24 02:35:30 --> Session: Class initialized using 'CodeIgniter\Session\Handlers\FileHandler' driver.
DEBUG - 2025-11-24 05:41:12 --> Session: Class initialized using 'CodeIgniter\Session\Handlers\FileHandler' driver.
DEBUG - 2025-11-24 05:41:22 --> Session: Class initialized using 'CodeIgniter\Session\Handlers\FileHandler' driver.
DEBUG - 2025-11-24 05:41:22 --> Session: Class initialized using 'CodeIgniter\Session\Handlers\FileHandler' driver.
CRITICAL - 2025-11-24 05:41:22 --> ErrorException: Undefined variable $message
[Method: GET, Route: admin/getRevenueData]
in APPPATH\Views\errors\html\error_404.php on line 77.
 1 APPPATH\Views\errors\html\error_404.php(77): CodeIgniter\Debug\Exceptions->errorHandler(2, 'Undefined variable $message', 'D:\\COMISSION\\kurt2.0\\app\\Views\\errors\\html\\error_404.php', 77)
 2 SYSTEMPATH\View\View.php(226): include('D:\\COMISSION\\kurt2.0\\app\\Views\\errors\\html\\error_404.php')
 3 SYSTEMPATH\View\View.php(229): CodeIgniter\View\View->CodeIgniter\View\{closure}()
 4 SYSTEMPATH\Common.php(1167): CodeIgniter\View\View->render('errors/html/error_404', [], true)
 5 APPPATH\Config\Routes.php(83): view('errors/html/error_404')
 6 SYSTEMPATH\CodeIgniter.php(875): CodeIgniter\Router\RouteCollection->{closure}('admin/getRevenueData')
 7 SYSTEMPATH\CodeIgniter.php(494): CodeIgniter\CodeIgniter->startController()
 8 SYSTEMPATH\CodeIgniter.php(354): CodeIgniter\CodeIgniter->handleRequest(null, Object(Config\Cache), false)
 9 SYSTEMPATH\Boot.php(363): CodeIgniter\CodeIgniter->run()
10 SYSTEMPATH\Boot.php(68): CodeIgniter\Boot::runCodeIgniter(Object(CodeIgniter\CodeIgniter))
11 FCPATH\index.php(59): CodeIgniter\Boot::bootWeb(Object(Config\Paths))
12 SYSTEMPATH\rewrite.php(44): require_once('D:\\COMISSION\\kurt2.0\\public\\index.php')
DEBUG - 2025-11-24 05:41:35 --> Session: Class initialized using 'CodeIgniter\Session\Handlers\FileHandler' driver.
DEBUG - 2025-11-24 05:41:45 --> Session: Class initialized using 'CodeIgniter\Session\Handlers\FileHandler' driver.
DEBUG - 2025-11-24 05:42:04 --> Session: Class initialized using 'CodeIgniter\Session\Handlers\FileHandler' driver.
DEBUG - 2025-11-24 05:42:21 --> Session: Class initialized using 'CodeIgniter\Session\Handlers\FileHandler' driver.
DEBUG - 2025-11-24 05:42:21 --> Session: Class initialized using 'CodeIgniter\Session\Handlers\FileHandler' driver.
DEBUG - 2025-11-24 05:42:28 --> Session: Class initialized using 'CodeIgniter\Session\Handlers\FileHandler' driver.
DEBUG - 2025-11-24 05:42:28 --> Session: Class initialized using 'CodeIgniter\Session\Handlers\FileHandler' driver.
DEBUG - 2025-11-24 05:42:35 --> Session: Class initialized using 'CodeIgniter\Session\Handlers\FileHandler' driver.
DEBUG - 2025-11-24 05:42:53 --> Session: Class initialized using 'CodeIgniter\Session\Handlers\FileHandler' driver.
DEBUG - 2025-11-24 05:43:07 --> Session: Class initialized using 'CodeIgniter\Session\Handlers\FileHandler' driver.
DEBUG - 2025-11-24 05:43:12 --> Session: Class initialized using 'CodeIgniter\Session\Handlers\FileHandler' driver.
DEBUG - 2025-11-24 05:44:38 --> Session: Class initialized using 'CodeIgniter\Session\Handlers\FileHandler' driver.
DEBUG - 2025-11-24 05:44:38 --> Session: Class initialized using 'CodeIgniter\Session\Handlers\FileHandler' driver.
DEBUG - 2025-11-24 05:44:45 --> Session: Class initialized using 'CodeIgniter\Session\Handlers\FileHandler' driver.
DEBUG - 2025-11-24 05:44:45 --> Session: Class initialized using 'CodeIgniter\Session\Handlers\FileHandler' driver.
CRITICAL - 2025-11-24 05:44:46 --> ErrorException: Undefined variable $message
[Method: GET, Route: admin/getRevenueData]
in APPPATH\Views\errors\html\error_404.php on line 77.
 1 APPPATH\Views\errors\html\error_404.php(77): CodeIgniter\Debug\Exceptions->errorHandler(2, 'Undefined variable $message', 'D:\\COMISSION\\kurt2.0\\app\\Views\\errors\\html\\error_404.php', 77)
 2 SYSTEMPATH\View\View.php(226): include('D:\\COMISSION\\kurt2.0\\app\\Views\\errors\\html\\error_404.php')
 3 SYSTEMPATH\View\View.php(229): CodeIgniter\View\View->CodeIgniter\View\{closure}()
 4 SYSTEMPATH\Common.php(1167): CodeIgniter\View\View->render('errors/html/error_404', [], true)
 5 APPPATH\Config\Routes.php(83): view('errors/html/error_404')
 6 SYSTEMPATH\CodeIgniter.php(875): CodeIgniter\Router\RouteCollection->{closure}('admin/getRevenueData')
 7 SYSTEMPATH\CodeIgniter.php(494): CodeIgniter\CodeIgniter->startController()
 8 SYSTEMPATH\CodeIgniter.php(354): CodeIgniter\CodeIgniter->handleRequest(null, Object(Config\Cache), false)
 9 SYSTEMPATH\Boot.php(363): CodeIgniter\CodeIgniter->run()
10 SYSTEMPATH\Boot.php(68): CodeIgniter\Boot::runCodeIgniter(Object(CodeIgniter\CodeIgniter))
11 FCPATH\index.php(59): CodeIgniter\Boot::bootWeb(Object(Config\Paths))
12 SYSTEMPATH\rewrite.php(44): require_once('D:\\COMISSION\\kurt2.0\\public\\index.php')
DEBUG - 2025-11-24 05:44:47 --> Session: Class initialized using 'CodeIgniter\Session\Handlers\FileHandler' driver.
DEBUG - 2025-11-24 05:44:50 --> Session: Class initialized using 'CodeIgniter\Session\Handlers\FileHandler' driver.
DEBUG - 2025-11-24 05:44:56 --> Session: Class initialized using 'CodeIgniter\Session\Handlers\FileHandler' driver.
DEBUG - 2025-11-24 05:44:56 --> Session: Class initialized using 'CodeIgniter\Session\Handlers\FileHandler' driver.
DEBUG - 2025-11-24 05:45:00 --> Session: Class initialized using 'CodeIgniter\Session\Handlers\FileHandler' driver.
DEBUG - 2025-11-24 05:45:00 --> Session: Class initialized using 'CodeIgniter\Session\Handlers\FileHandler' driver.
DEBUG - 2025-11-24 05:45:05 --> Session: Class initialized using 'CodeIgniter\Session\Handlers\FileHandler' driver.
DEBUG - 2025-11-24 05:45:06 --> Session: Class initialized using 'CodeIgniter\Session\Handlers\FileHandler' driver.
DEBUG - 2025-11-24 05:45:10 --> Session: Class initialized using 'CodeIgniter\Session\Handlers\FileHandler' driver.
DEBUG - 2025-11-24 05:45:20 --> Session: Class initialized using 'CodeIgniter\Session\Handlers\FileHandler' driver.
DEBUG - 2025-11-24 05:45:20 --> Session: Class initialized using 'CodeIgniter\Session\Handlers\FileHandler' driver.
DEBUG - 2025-11-24 05:45:52 --> Session: Class initialized using 'CodeIgniter\Session\Handlers\FileHandler' driver.
DEBUG - 2025-11-24 05:45:52 --> Session: Class initialized using 'CodeIgniter\Session\Handlers\FileHandler' driver.
DEBUG - 2025-11-24 05:46:00 --> Session: Class initialized using 'CodeIgniter\Session\Handlers\FileHandler' driver.
DEBUG - 2025-11-24 05:46:00 --> Session: Class initialized using 'CodeIgniter\Session\Handlers\FileHandler' driver.
CRITICAL - 2025-11-24 05:46:01 --> ErrorException: Undefined variable $message
[Method: GET, Route: admin/getRevenueData]
in APPPATH\Views\errors\html\error_404.php on line 77.
 1 APPPATH\Views\errors\html\error_404.php(77): CodeIgniter\Debug\Exceptions->errorHandler(2, 'Undefined variable $message', 'D:\\COMISSION\\kurt2.0\\app\\Views\\errors\\html\\error_404.php', 77)
 2 SYSTEMPATH\View\View.php(226): include('D:\\COMISSION\\kurt2.0\\app\\Views\\errors\\html\\error_404.php')
 3 SYSTEMPATH\View\View.php(229): CodeIgniter\View\View->CodeIgniter\View\{closure}()
 4 SYSTEMPATH\Common.php(1167): CodeIgniter\View\View->render('errors/html/error_404', [], true)
 5 APPPATH\Config\Routes.php(83): view('errors/html/error_404')
 6 SYSTEMPATH\CodeIgniter.php(875): CodeIgniter\Router\RouteCollection->{closure}('admin/getRevenueData')
 7 SYSTEMPATH\CodeIgniter.php(494): CodeIgniter\CodeIgniter->startController()
 8 SYSTEMPATH\CodeIgniter.php(354): CodeIgniter\CodeIgniter->handleRequest(null, Object(Config\Cache), false)
 9 SYSTEMPATH\Boot.php(363): CodeIgniter\CodeIgniter->run()
10 SYSTEMPATH\Boot.php(68): CodeIgniter\Boot::runCodeIgniter(Object(CodeIgniter\CodeIgniter))
11 FCPATH\index.php(59): CodeIgniter\Boot::bootWeb(Object(Config\Paths))
12 SYSTEMPATH\rewrite.php(44): require_once('D:\\COMISSION\\kurt2.0\\public\\index.php')
DEBUG - 2025-11-24 05:46:04 --> Session: Class initialized using 'CodeIgniter\Session\Handlers\FileHandler' driver.
DEBUG - 2025-11-24 05:46:06 --> Session: Class initialized using 'CodeIgniter\Session\Handlers\FileHandler' driver.
DEBUG - 2025-11-24 05:46:11 --> Session: Class initialized using 'CodeIgniter\Session\Handlers\FileHandler' driver.
DEBUG - 2025-11-24 05:46:11 --> Session: Class initialized using 'CodeIgniter\Session\Handlers\FileHandler' driver.
DEBUG - 2025-11-24 05:46:15 --> Session: Class initialized using 'CodeIgniter\Session\Handlers\FileHandler' driver.
DEBUG - 2025-11-24 05:46:23 --> Session: Class initialized using 'CodeIgniter\Session\Handlers\FileHandler' driver.
DEBUG - 2025-11-24 05:46:23 --> Session: Class initialized using 'CodeIgniter\Session\Handlers\FileHandler' driver.
DEBUG - 2025-11-24 05:46:29 --> Session: Class initialized using 'CodeIgniter\Session\Handlers\FileHandler' driver.
DEBUG - 2025-11-24 05:46:29 --> Session: Class initialized using 'CodeIgniter\Session\Handlers\FileHandler' driver.
DEBUG - 2025-11-24 05:46:32 --> Session: Class initialized using 'CodeIgniter\Session\Handlers\FileHandler' driver.
DEBUG - 2025-11-24 05:46:35 --> Session: Class initialized using 'CodeIgniter\Session\Handlers\FileHandler' driver.
DEBUG - 2025-11-24 05:46:42 --> Session: Class initialized using 'CodeIgniter\Session\Handlers\FileHandler' driver.
DEBUG - 2025-11-24 05:47:07 --> Session: Class initialized using 'CodeIgniter\Session\Handlers\FileHandler' driver.
CRITICAL - 2025-11-24 05:47:07 --> CodeIgniter\Validation\Exceptions\ValidationException: "after_date" is not a valid rule.
[Method: POST, Route: customer/processReservation]
in SYSTEMPATH\Validation\Validation.php on line 345.
 1 SYSTEMPATH\Validation\Validation.php(345): CodeIgniter\Validation\Exceptions\ValidationException::forRuleNotFound('after_date')
 2 SYSTEMPATH\Validation\Validation.php(201): CodeIgniter\Validation\Validation->processRules('end_date', 'end_date', '2025-11-30', [...], [...], 'end_date')
 3 SYSTEMPATH\Controller.php(138): CodeIgniter\Validation\Validation->run()
 4 APPPATH\Controllers\Customer.php(78): CodeIgniter\Controller->validate([...])
 5 SYSTEMPATH\CodeIgniter.php(933): App\Controllers\Customer->processReservation()
 6 SYSTEMPATH\CodeIgniter.php(507): CodeIgniter\CodeIgniter->runController(Object(App\Controllers\Customer))
 7 SYSTEMPATH\CodeIgniter.php(354): CodeIgniter\CodeIgniter->handleRequest(null, Object(Config\Cache), false)
 8 SYSTEMPATH\Boot.php(363): CodeIgniter\CodeIgniter->run()
 9 SYSTEMPATH\Boot.php(68): CodeIgniter\Boot::runCodeIgniter(Object(CodeIgniter\CodeIgniter))
10 FCPATH\index.php(59): CodeIgniter\Boot::bootWeb(Object(Config\Paths))
11 SYSTEMPATH\rewrite.php(44): require_once('D:\\COMISSION\\kurt2.0\\public\\index.php')
DEBUG - 2025-11-24 05:48:05 --> Session: Class initialized using 'CodeIgniter\Session\Handlers\FileHandler' driver.
DEBUG - 2025-11-24 05:48:05 --> Session: Class initialized using 'CodeIgniter\Session\Handlers\FileHandler' driver.
DEBUG - 2025-11-24 05:48:24 --> Session: Class initialized using 'CodeIgniter\Session\Handlers\FileHandler' driver.
DEBUG - 2025-11-24 05:48:25 --> Session: Class initialized using 'CodeIgniter\Session\Handlers\FileHandler' driver.
DEBUG - 2025-11-24 05:48:39 --> Session: Class initialized using 'CodeIgniter\Session\Handlers\FileHandler' driver.
DEBUG - 2025-11-24 05:48:39 --> Session: Class initialized using 'CodeIgniter\Session\Handlers\FileHandler' driver.
DEBUG - 2025-11-24 05:49:47 --> Session: Class initialized using 'CodeIgniter\Session\Handlers\FileHandler' driver.
DEBUG - 2025-11-24 05:49:58 --> Session: Class initialized using 'CodeIgniter\Session\Handlers\FileHandler' driver.
DEBUG - 2025-11-24 05:49:58 --> Session: Class initialized using 'CodeIgniter\Session\Handlers\FileHandler' driver.
DEBUG - 2025-11-24 05:50:27 --> Session: Class initialized using 'CodeIgniter\Session\Handlers\FileHandler' driver.
DEBUG - 2025-11-24 05:50:27 --> Session: Class initialized using 'CodeIgniter\Session\Handlers\FileHandler' driver.
DEBUG - 2025-11-24 05:50:30 --> Session: Class initialized using 'CodeIgniter\Session\Handlers\FileHandler' driver.
DEBUG - 2025-11-24 05:50:44 --> Session: Class initialized using 'CodeIgniter\Session\Handlers\FileHandler' driver.
DEBUG - 2025-11-24 05:50:44 --> Session: Class initialized using 'CodeIgniter\Session\Handlers\FileHandler' driver.
DEBUG - 2025-11-24 05:50:54 --> Session: Class initialized using 'CodeIgniter\Session\Handlers\FileHandler' driver.
DEBUG - 2025-11-24 05:50:54 --> Session: Class initialized using 'CodeIgniter\Session\Handlers\FileHandler' driver.
CRITICAL - 2025-11-24 05:50:55 --> ErrorException: Undefined variable $message
[Method: GET, Route: admin/getRevenueData]
in APPPATH\Views\errors\html\error_404.php on line 77.
 1 APPPATH\Views\errors\html\error_404.php(77): CodeIgniter\Debug\Exceptions->errorHandler(2, 'Undefined variable $message', 'D:\\COMISSION\\kurt2.0\\app\\Views\\errors\\html\\error_404.php', 77)
 2 SYSTEMPATH\View\View.php(226): include('D:\\COMISSION\\kurt2.0\\app\\Views\\errors\\html\\error_404.php')
 3 SYSTEMPATH\View\View.php(229): CodeIgniter\View\View->CodeIgniter\View\{closure}()
 4 SYSTEMPATH\Common.php(1167): CodeIgniter\View\View->render('errors/html/error_404', [], true)
 5 APPPATH\Config\Routes.php(83): view('errors/html/error_404')
 6 SYSTEMPATH\CodeIgniter.php(875): CodeIgniter\Router\RouteCollection->{closure}('admin/getRevenueData')
 7 SYSTEMPATH\CodeIgniter.php(494): CodeIgniter\CodeIgniter->startController()
 8 SYSTEMPATH\CodeIgniter.php(354): CodeIgniter\CodeIgniter->handleRequest(null, Object(Config\Cache), false)
 9 SYSTEMPATH\Boot.php(363): CodeIgniter\CodeIgniter->run()
10 SYSTEMPATH\Boot.php(68): CodeIgniter\Boot::runCodeIgniter(Object(CodeIgniter\CodeIgniter))
11 FCPATH\index.php(59): CodeIgniter\Boot::bootWeb(Object(Config\Paths))
12 SYSTEMPATH\rewrite.php(44): require_once('D:\\COMISSION\\kurt2.0\\public\\index.php')
DEBUG - 2025-11-24 05:50:59 --> Session: Class initialized using 'CodeIgniter\Session\Handlers\FileHandler' driver.
DEBUG - 2025-11-24 05:50:59 --> Session: Class initialized using 'CodeIgniter\Session\Handlers\FileHandler' driver.
DEBUG - 2025-11-24 05:51:00 --> Session: Class initialized using 'CodeIgniter\Session\Handlers\FileHandler' driver.
DEBUG - 2025-11-24 05:51:33 --> Session: Class initialized using 'CodeIgniter\Session\Handlers\FileHandler' driver.
DEBUG - 2025-11-24 05:52:06 --> Session: Class initialized using 'CodeIgniter\Session\Handlers\FileHandler' driver.
DEBUG - 2025-11-24 05:58:16 --> Session: Class initialized using 'CodeIgniter\Session\Handlers\FileHandler' driver.
DEBUG - 2025-11-24 05:58:22 --> Session: Class initialized using 'CodeIgniter\Session\Handlers\FileHandler' driver.
DEBUG - 2025-11-24 05:58:26 --> Session: Class initialized using 'CodeIgniter\Session\Handlers\FileHandler' driver.
CRITICAL - 2025-11-24 05:59:04 --> ErrorException: Undefined variable $message
[Method: GET, Route: reservations/show/4]
in APPPATH\Views\errors\html\error_404.php on line 77.
 1 APPPATH\Views\errors\html\error_404.php(77): CodeIgniter\Debug\Exceptions->errorHandler(2, 'Undefined variable $message', 'D:\\COMISSION\\kurt2.0\\app\\Views\\errors\\html\\error_404.php', 77)
 2 SYSTEMPATH\View\View.php(226): include('D:\\COMISSION\\kurt2.0\\app\\Views\\errors\\html\\error_404.php')
 3 SYSTEMPATH\View\View.php(229): CodeIgniter\View\View->CodeIgniter\View\{closure}()
 4 SYSTEMPATH\Common.php(1167): CodeIgniter\View\View->render('errors/html/error_404', [], true)
 5 APPPATH\Config\Routes.php(83): view('errors/html/error_404')
 6 SYSTEMPATH\CodeIgniter.php(875): CodeIgniter\Router\RouteCollection->{closure}('reservations/show/4')
 7 SYSTEMPATH\CodeIgniter.php(494): CodeIgniter\CodeIgniter->startController()
 8 SYSTEMPATH\CodeIgniter.php(354): CodeIgniter\CodeIgniter->handleRequest(null, Object(Config\Cache), false)
 9 SYSTEMPATH\Boot.php(363): CodeIgniter\CodeIgniter->run()
10 SYSTEMPATH\Boot.php(68): CodeIgniter\Boot::runCodeIgniter(Object(CodeIgniter\CodeIgniter))
11 FCPATH\index.php(59): CodeIgniter\Boot::bootWeb(Object(Config\Paths))
12 SYSTEMPATH\rewrite.php(44): require_once('D:\\COMISSION\\kurt2.0\\public\\index.php')
DEBUG - 2025-11-24 05:59:52 --> Session: Class initialized using 'CodeIgniter\Session\Handlers\FileHandler' driver.
DEBUG - 2025-11-24 05:59:54 --> Session: Class initialized using 'CodeIgniter\Session\Handlers\FileHandler' driver.
DEBUG - 2025-11-24 06:00:01 --> Session: Class initialized using 'CodeIgniter\Session\Handlers\FileHandler' driver.
DEBUG - 2025-11-24 06:00:02 --> Session: Class initialized using 'CodeIgniter\Session\Handlers\FileHandler' driver.
DEBUG - 2025-11-24 06:00:21 --> Session: Class initialized using 'CodeIgniter\Session\Handlers\FileHandler' driver.
DEBUG - 2025-11-24 06:00:22 --> Session: Class initialized using 'CodeIgniter\Session\Handlers\FileHandler' driver.
CRITICAL - 2025-11-24 06:00:48 --> ErrorException: Undefined variable $message
[Method: GET, Route: reservations/show/6]
in APPPATH\Views\errors\html\error_404.php on line 77.
 1 APPPATH\Views\errors\html\error_404.php(77): CodeIgniter\Debug\Exceptions->errorHandler(2, 'Undefined variable $message', 'D:\\COMISSION\\kurt2.0\\app\\Views\\errors\\html\\error_404.php', 77)
 2 SYSTEMPATH\View\View.php(226): include('D:\\COMISSION\\kurt2.0\\app\\Views\\errors\\html\\error_404.php')
 3 SYSTEMPATH\View\View.php(229): CodeIgniter\View\View->CodeIgniter\View\{closure}()
 4 SYSTEMPATH\Common.php(1167): CodeIgniter\View\View->render('errors/html/error_404', [], true)
 5 APPPATH\Config\Routes.php(83): view('errors/html/error_404')
 6 SYSTEMPATH\CodeIgniter.php(875): CodeIgniter\Router\RouteCollection->{closure}('reservations/show/6')
 7 SYSTEMPATH\CodeIgniter.php(494): CodeIgniter\CodeIgniter->startController()
 8 SYSTEMPATH\CodeIgniter.php(354): CodeIgniter\CodeIgniter->handleRequest(null, Object(Config\Cache), false)
 9 SYSTEMPATH\Boot.php(363): CodeIgniter\CodeIgniter->run()
10 SYSTEMPATH\Boot.php(68): CodeIgniter\Boot::runCodeIgniter(Object(CodeIgniter\CodeIgniter))
11 FCPATH\index.php(59): CodeIgniter\Boot::bootWeb(Object(Config\Paths))
12 SYSTEMPATH\rewrite.php(44): require_once('D:\\COMISSION\\kurt2.0\\public\\index.php')
DEBUG - 2025-11-24 06:09:23 --> Session: Class initialized using 'CodeIgniter\Session\Handlers\FileHandler' driver.
CRITICAL - 2025-11-24 06:09:26 --> ErrorException: Undefined variable $message
[Method: GET, Route: reservations/show/6]
in APPPATH\Views\errors\html\error_404.php on line 77.
 1 APPPATH\Views\errors\html\error_404.php(77): CodeIgniter\Debug\Exceptions->errorHandler(2, 'Undefined variable $message', 'D:\\COMISSION\\kurt2.0\\app\\Views\\errors\\html\\error_404.php', 77)
 2 SYSTEMPATH\View\View.php(226): include('D:\\COMISSION\\kurt2.0\\app\\Views\\errors\\html\\error_404.php')
 3 SYSTEMPATH\View\View.php(229): CodeIgniter\View\View->CodeIgniter\View\{closure}()
 4 SYSTEMPATH\Common.php(1167): CodeIgniter\View\View->render('errors/html/error_404', [], true)
 5 APPPATH\Config\Routes.php(84): view('errors/html/error_404')
 6 SYSTEMPATH\CodeIgniter.php(875): CodeIgniter\Router\RouteCollection->{closure}('reservations/show/6')
 7 SYSTEMPATH\CodeIgniter.php(494): CodeIgniter\CodeIgniter->startController()
 8 SYSTEMPATH\CodeIgniter.php(354): CodeIgniter\CodeIgniter->handleRequest(null, Object(Config\Cache), false)
 9 SYSTEMPATH\Boot.php(363): CodeIgniter\CodeIgniter->run()
10 SYSTEMPATH\Boot.php(68): CodeIgniter\Boot::runCodeIgniter(Object(CodeIgniter\CodeIgniter))
11 FCPATH\index.php(59): CodeIgniter\Boot::bootWeb(Object(Config\Paths))
12 SYSTEMPATH\rewrite.php(44): require_once('D:\\COMISSION\\kurt2.0\\public\\index.php')
DEBUG - 2025-11-24 06:09:27 --> Session: Class initialized using 'CodeIgniter\Session\Handlers\FileHandler' driver.
DEBUG - 2025-11-24 06:10:07 --> Session: Class initialized using 'CodeIgniter\Session\Handlers\FileHandler' driver.
CRITICAL - 2025-11-24 06:10:08 --> ErrorException: Undefined variable $message
[Method: GET, Route: reservations/show/6]
in APPPATH\Views\errors\html\error_404.php on line 77.
 1 APPPATH\Views\errors\html\error_404.php(77): CodeIgniter\Debug\Exceptions->errorHandler(2, 'Undefined variable $message', 'D:\\COMISSION\\kurt2.0\\app\\Views\\errors\\html\\error_404.php', 77)
 2 SYSTEMPATH\View\View.php(226): include('D:\\COMISSION\\kurt2.0\\app\\Views\\errors\\html\\error_404.php')
 3 SYSTEMPATH\View\View.php(229): CodeIgniter\View\View->CodeIgniter\View\{closure}()
 4 SYSTEMPATH\Common.php(1167): CodeIgniter\View\View->render('errors/html/error_404', [], true)
 5 APPPATH\Config\Routes.php(84): view('errors/html/error_404')
 6 SYSTEMPATH\CodeIgniter.php(875): CodeIgniter\Router\RouteCollection->{closure}('reservations/show/6')
 7 SYSTEMPATH\CodeIgniter.php(494): CodeIgniter\CodeIgniter->startController()
 8 SYSTEMPATH\CodeIgniter.php(354): CodeIgniter\CodeIgniter->handleRequest(null, Object(Config\Cache), false)
 9 SYSTEMPATH\Boot.php(363): CodeIgniter\CodeIgniter->run()
10 SYSTEMPATH\Boot.php(68): CodeIgniter\Boot::runCodeIgniter(Object(CodeIgniter\CodeIgniter))
11 FCPATH\index.php(59): CodeIgniter\Boot::bootWeb(Object(Config\Paths))
12 SYSTEMPATH\rewrite.php(44): require_once('D:\\COMISSION\\kurt2.0\\public\\index.php')
CRITICAL - 2025-11-24 06:10:33 --> ErrorException: Undefined variable $message
[Method: GET, Route: reservations/show/6]
in APPPATH\Views\errors\html\error_404.php on line 77.
 1 APPPATH\Views\errors\html\error_404.php(77): CodeIgniter\Debug\Exceptions->errorHandler(2, 'Undefined variable $message', 'D:\\COMISSION\\kurt2.0\\app\\Views\\errors\\html\\error_404.php', 77)
 2 SYSTEMPATH\View\View.php(226): include('D:\\COMISSION\\kurt2.0\\app\\Views\\errors\\html\\error_404.php')
 3 SYSTEMPATH\View\View.php(229): CodeIgniter\View\View->CodeIgniter\View\{closure}()
 4 SYSTEMPATH\Common.php(1167): CodeIgniter\View\View->render('errors/html/error_404', [], true)
 5 APPPATH\Config\Routes.php(84): view('errors/html/error_404')
 6 SYSTEMPATH\CodeIgniter.php(875): CodeIgniter\Router\RouteCollection->{closure}('reservations/show/6')
 7 SYSTEMPATH\CodeIgniter.php(494): CodeIgniter\CodeIgniter->startController()
 8 SYSTEMPATH\CodeIgniter.php(354): CodeIgniter\CodeIgniter->handleRequest(null, Object(Config\Cache), false)
 9 SYSTEMPATH\Boot.php(363): CodeIgniter\CodeIgniter->run()
10 SYSTEMPATH\Boot.php(68): CodeIgniter\Boot::runCodeIgniter(Object(CodeIgniter\CodeIgniter))
11 FCPATH\index.php(59): CodeIgniter\Boot::bootWeb(Object(Config\Paths))
12 SYSTEMPATH\rewrite.php(44): require_once('D:\\COMISSION\\kurt2.0\\public\\index.php')
CRITICAL - 2025-11-24 06:10:36 --> ErrorException: Undefined variable $message
[Method: GET, Route: reservations/show/6]
in APPPATH\Views\errors\html\error_404.php on line 77.
 1 APPPATH\Views\errors\html\error_404.php(77): CodeIgniter\Debug\Exceptions->errorHandler(2, 'Undefined variable $message', 'D:\\COMISSION\\kurt2.0\\app\\Views\\errors\\html\\error_404.php', 77)
 2 SYSTEMPATH\View\View.php(226): include('D:\\COMISSION\\kurt2.0\\app\\Views\\errors\\html\\error_404.php')
 3 SYSTEMPATH\View\View.php(229): CodeIgniter\View\View->CodeIgniter\View\{closure}()
 4 SYSTEMPATH\Common.php(1167): CodeIgniter\View\View->render('errors/html/error_404', [], true)
 5 APPPATH\Config\Routes.php(84): view('errors/html/error_404')
 6 SYSTEMPATH\CodeIgniter.php(875): CodeIgniter\Router\RouteCollection->{closure}('reservations/show/6')
 7 SYSTEMPATH\CodeIgniter.php(494): CodeIgniter\CodeIgniter->startController()
 8 SYSTEMPATH\CodeIgniter.php(354): CodeIgniter\CodeIgniter->handleRequest(null, Object(Config\Cache), false)
 9 SYSTEMPATH\Boot.php(363): CodeIgniter\CodeIgniter->run()
10 SYSTEMPATH\Boot.php(68): CodeIgniter\Boot::runCodeIgniter(Object(CodeIgniter\CodeIgniter))
11 FCPATH\index.php(59): CodeIgniter\Boot::bootWeb(Object(Config\Paths))
12 SYSTEMPATH\rewrite.php(44): require_once('D:\\COMISSION\\kurt2.0\\public\\index.php')
DEBUG - 2025-11-24 06:10:38 --> Session: Class initialized using 'CodeIgniter\Session\Handlers\FileHandler' driver.
DEBUG - 2025-11-24 06:10:40 --> Session: Class initialized using 'CodeIgniter\Session\Handlers\FileHandler' driver.
DEBUG - 2025-11-24 06:10:52 --> Session: Class initialized using 'CodeIgniter\Session\Handlers\FileHandler' driver.
DEBUG - 2025-11-24 06:11:28 --> Session: Class initialized using 'CodeIgniter\Session\Handlers\FileHandler' driver.
DEBUG - 2025-11-24 06:11:50 --> Session: Class initialized using 'CodeIgniter\Session\Handlers\FileHandler' driver.
DEBUG - 2025-11-24 06:11:54 --> Session: Class initialized using 'CodeIgniter\Session\Handlers\FileHandler' driver.
DEBUG - 2025-11-24 06:22:40 --> Session: Class initialized using 'CodeIgniter\Session\Handlers\FileHandler' driver.
DEBUG - 2025-11-24 06:22:58 --> Session: Class initialized using 'CodeIgniter\Session\Handlers\FileHandler' driver.
DEBUG - 2025-11-24 06:22:58 --> Session: Class initialized using 'CodeIgniter\Session\Handlers\FileHandler' driver.
DEBUG - 2025-11-24 06:23:03 --> Session: Class initialized using 'CodeIgniter\Session\Handlers\FileHandler' driver.
DEBUG - 2025-11-24 06:23:03 --> Session: Class initialized using 'CodeIgniter\Session\Handlers\FileHandler' driver.
DEBUG - 2025-11-24 06:23:05 --> Session: Class initialized using 'CodeIgniter\Session\Handlers\FileHandler' driver.
DEBUG - 2025-11-24 06:23:16 --> Session: Class initialized using 'CodeIgniter\Session\Handlers\FileHandler' driver.
DEBUG - 2025-11-24 06:23:16 --> Session: Class initialized using 'CodeIgniter\Session\Handlers\FileHandler' driver.
DEBUG - 2025-11-24 06:23:23 --> Session: Class initialized using 'CodeIgniter\Session\Handlers\FileHandler' driver.
DEBUG - 2025-11-24 06:23:24 --> Session: Class initialized using 'CodeIgniter\Session\Handlers\FileHandler' driver.
CRITICAL - 2025-11-24 06:23:24 --> ErrorException: Undefined variable $message
[Method: GET, Route: admin/getRevenueData]
in APPPATH\Views\errors\html\error_404.php on line 77.
 1 APPPATH\Views\errors\html\error_404.php(77): CodeIgniter\Debug\Exceptions->errorHandler(2, 'Undefined variable $message', 'D:\\COMISSION\\kurt2.0\\app\\Views\\errors\\html\\error_404.php', 77)
 2 SYSTEMPATH\View\View.php(226): include('D:\\COMISSION\\kurt2.0\\app\\Views\\errors\\html\\error_404.php')
 3 SYSTEMPATH\View\View.php(229): CodeIgniter\View\View->CodeIgniter\View\{closure}()
 4 SYSTEMPATH\Common.php(1167): CodeIgniter\View\View->render('errors/html/error_404', [], true)
 5 APPPATH\Config\Routes.php(84): view('errors/html/error_404')
 6 SYSTEMPATH\CodeIgniter.php(875): CodeIgniter\Router\RouteCollection->{closure}('admin/getRevenueData')
 7 SYSTEMPATH\CodeIgniter.php(494): CodeIgniter\CodeIgniter->startController()
 8 SYSTEMPATH\CodeIgniter.php(354): CodeIgniter\CodeIgniter->handleRequest(null, Object(Config\Cache), false)
 9 SYSTEMPATH\Boot.php(363): CodeIgniter\CodeIgniter->run()
10 SYSTEMPATH\Boot.php(68): CodeIgniter\Boot::runCodeIgniter(Object(CodeIgniter\CodeIgniter))
11 FCPATH\index.php(59): CodeIgniter\Boot::bootWeb(Object(Config\Paths))
12 SYSTEMPATH\rewrite.php(44): require_once('D:\\COMISSION\\kurt2.0\\public\\index.php')
DEBUG - 2025-11-24 06:23:27 --> Session: Class initialized using 'CodeIgniter\Session\Handlers\FileHandler' driver.
DEBUG - 2025-11-24 06:23:28 --> Session: Class initialized using 'CodeIgniter\Session\Handlers\FileHandler' driver.
DEBUG - 2025-11-24 06:23:30 --> Session: Class initialized using 'CodeIgniter\Session\Handlers\FileHandler' driver.
DEBUG - 2025-11-24 06:25:24 --> Session: Class initialized using 'CodeIgniter\Session\Handlers\FileHandler' driver.
DEBUG - 2025-11-24 06:25:55 --> Session: Class initialized using 'CodeIgniter\Session\Handlers\FileHandler' driver.
DEBUG - 2025-11-24 06:26:19 --> Session: Class initialized using 'CodeIgniter\Session\Handlers\FileHandler' driver.
DEBUG - 2025-11-24 06:26:29 --> Session: Class initialized using 'CodeIgniter\Session\Handlers\FileHandler' driver.
DEBUG - 2025-11-24 06:26:44 --> Session: Class initialized using 'CodeIgniter\Session\Handlers\FileHandler' driver.
DEBUG - 2025-11-24 06:26:48 --> Session: Class initialized using 'CodeIgniter\Session\Handlers\FileHandler' driver.
CRITICAL - 2025-11-24 06:26:48 --> ErrorException: Undefined variable $message
[Method: GET, Route: admin/getRevenueData]
in APPPATH\Views\errors\html\error_404.php on line 77.
 1 APPPATH\Views\errors\html\error_404.php(77): CodeIgniter\Debug\Exceptions->errorHandler(2, 'Undefined variable $message', 'D:\\COMISSION\\kurt2.0\\app\\Views\\errors\\html\\error_404.php', 77)
 2 SYSTEMPATH\View\View.php(226): include('D:\\COMISSION\\kurt2.0\\app\\Views\\errors\\html\\error_404.php')
 3 SYSTEMPATH\View\View.php(229): CodeIgniter\View\View->CodeIgniter\View\{closure}()
 4 SYSTEMPATH\Common.php(1167): CodeIgniter\View\View->render('errors/html/error_404', [], true)
 5 APPPATH\Config\Routes.php(84): view('errors/html/error_404')
 6 SYSTEMPATH\CodeIgniter.php(875): CodeIgniter\Router\RouteCollection->{closure}('admin/getRevenueData')
 7 SYSTEMPATH\CodeIgniter.php(494): CodeIgniter\CodeIgniter->startController()
 8 SYSTEMPATH\CodeIgniter.php(354): CodeIgniter\CodeIgniter->handleRequest(null, Object(Config\Cache), false)
 9 SYSTEMPATH\Boot.php(363): CodeIgniter\CodeIgniter->run()
10 SYSTEMPATH\Boot.php(68): CodeIgniter\Boot::runCodeIgniter(Object(CodeIgniter\CodeIgniter))
11 FCPATH\index.php(59): CodeIgniter\Boot::bootWeb(Object(Config\Paths))
12 SYSTEMPATH\rewrite.php(44): require_once('D:\\COMISSION\\kurt2.0\\public\\index.php')
DEBUG - 2025-11-24 06:26:55 --> Session: Class initialized using 'CodeIgniter\Session\Handlers\FileHandler' driver.
DEBUG - 2025-11-24 06:27:06 --> Session: Class initialized using 'CodeIgniter\Session\Handlers\FileHandler' driver.
DEBUG - 2025-11-24 06:34:51 --> Session: Class initialized using 'CodeIgniter\Session\Handlers\FileHandler' driver.
DEBUG - 2025-11-24 06:35:03 --> Session: Class initialized using 'CodeIgniter\Session\Handlers\FileHandler' driver.
DEBUG - 2025-11-24 06:35:06 --> Session: Class initialized using 'CodeIgniter\Session\Handlers\FileHandler' driver.
DEBUG - 2025-11-24 06:35:18 --> Session: Class initialized using 'CodeIgniter\Session\Handlers\FileHandler' driver.
DEBUG - 2025-11-24 06:35:21 --> Session: Class initialized using 'CodeIgniter\Session\Handlers\FileHandler' driver.
CRITICAL - 2025-11-24 06:35:27 --> ErrorException: Undefined variable $message
[Method: GET, Route: admin/getCustomerDetails/3]
in APPPATH\Views\errors\html\error_404.php on line 77.
 1 APPPATH\Views\errors\html\error_404.php(77): CodeIgniter\Debug\Exceptions->errorHandler(2, 'Undefined variable $message', 'D:\\COMISSION\\kurt2.0\\app\\Views\\errors\\html\\error_404.php', 77)
 2 SYSTEMPATH\View\View.php(226): include('D:\\COMISSION\\kurt2.0\\app\\Views\\errors\\html\\error_404.php')
 3 SYSTEMPATH\View\View.php(229): CodeIgniter\View\View->CodeIgniter\View\{closure}()
 4 SYSTEMPATH\Common.php(1167): CodeIgniter\View\View->render('errors/html/error_404', [], true)
 5 APPPATH\Config\Routes.php(84): view('errors/html/error_404')
 6 SYSTEMPATH\CodeIgniter.php(875): CodeIgniter\Router\RouteCollection->{closure}('admin/getCustomerDetails/3')
 7 SYSTEMPATH\CodeIgniter.php(494): CodeIgniter\CodeIgniter->startController()
 8 SYSTEMPATH\CodeIgniter.php(354): CodeIgniter\CodeIgniter->handleRequest(null, Object(Config\Cache), false)
 9 SYSTEMPATH\Boot.php(363): CodeIgniter\CodeIgniter->run()
10 SYSTEMPATH\Boot.php(68): CodeIgniter\Boot::runCodeIgniter(Object(CodeIgniter\CodeIgniter))
11 FCPATH\index.php(59): CodeIgniter\Boot::bootWeb(Object(Config\Paths))
12 SYSTEMPATH\rewrite.php(44): require_once('D:\\COMISSION\\kurt2.0\\public\\index.php')
CRITICAL - 2025-11-24 06:35:44 --> ErrorException: Undefined variable $message
[Method: GET, Route: admin/getCustomerDetails/3]
in APPPATH\Views\errors\html\error_404.php on line 77.
 1 APPPATH\Views\errors\html\error_404.php(77): CodeIgniter\Debug\Exceptions->errorHandler(2, 'Undefined variable $message', 'D:\\COMISSION\\kurt2.0\\app\\Views\\errors\\html\\error_404.php', 77)
 2 SYSTEMPATH\View\View.php(226): include('D:\\COMISSION\\kurt2.0\\app\\Views\\errors\\html\\error_404.php')
 3 SYSTEMPATH\View\View.php(229): CodeIgniter\View\View->CodeIgniter\View\{closure}()
 4 SYSTEMPATH\Common.php(1167): CodeIgniter\View\View->render('errors/html/error_404', [], true)
 5 APPPATH\Config\Routes.php(84): view('errors/html/error_404')
 6 SYSTEMPATH\CodeIgniter.php(875): CodeIgniter\Router\RouteCollection->{closure}('admin/getCustomerDetails/3')
 7 SYSTEMPATH\CodeIgniter.php(494): CodeIgniter\CodeIgniter->startController()
 8 SYSTEMPATH\CodeIgniter.php(354): CodeIgniter\CodeIgniter->handleRequest(null, Object(Config\Cache), false)
 9 SYSTEMPATH\Boot.php(363): CodeIgniter\CodeIgniter->run()
10 SYSTEMPATH\Boot.php(68): CodeIgniter\Boot::runCodeIgniter(Object(CodeIgniter\CodeIgniter))
11 FCPATH\index.php(59): CodeIgniter\Boot::bootWeb(Object(Config\Paths))
12 SYSTEMPATH\rewrite.php(44): require_once('D:\\COMISSION\\kurt2.0\\public\\index.php')
DEBUG - 2025-11-24 06:39:10 --> Session: Class initialized using 'CodeIgniter\Session\Handlers\FileHandler' driver.
DEBUG - 2025-11-24 06:39:14 --> Session: Class initialized using 'CodeIgniter\Session\Handlers\FileHandler' driver.
DEBUG - 2025-11-24 06:40:05 --> Session: Class initialized using 'CodeIgniter\Session\Handlers\FileHandler' driver.
DEBUG - 2025-11-24 06:40:07 --> Session: Class initialized using 'CodeIgniter\Session\Handlers\FileHandler' driver.
CRITICAL - 2025-11-24 06:40:12 --> ErrorException: Undefined variable $message
[Method: GET, Route: .well-known/appspecific/com.chrome.devtools.json]
in APPPATH\Views\errors\html\error_404.php on line 77.
 1 APPPATH\Views\errors\html\error_404.php(77): CodeIgniter\Debug\Exceptions->errorHandler(2, 'Undefined variable $message', 'D:\\COMISSION\\kurt2.0\\app\\Views\\errors\\html\\error_404.php', 77)
 2 SYSTEMPATH\View\View.php(226): include('D:\\COMISSION\\kurt2.0\\app\\Views\\errors\\html\\error_404.php')
 3 SYSTEMPATH\View\View.php(229): CodeIgniter\View\View->CodeIgniter\View\{closure}()
 4 SYSTEMPATH\Common.php(1167): CodeIgniter\View\View->render('errors/html/error_404', [], true)
 5 APPPATH\Config\Routes.php(85): view('errors/html/error_404')
 6 SYSTEMPATH\CodeIgniter.php(875): CodeIgniter\Router\RouteCollection->{closure}('.well-known/appspecific/com.chrome.devtools.json')
 7 SYSTEMPATH\CodeIgniter.php(494): CodeIgniter\CodeIgniter->startController()
 8 SYSTEMPATH\CodeIgniter.php(354): CodeIgniter\CodeIgniter->handleRequest(null, Object(Config\Cache), false)
 9 SYSTEMPATH\Boot.php(363): CodeIgniter\CodeIgniter->run()
10 SYSTEMPATH\Boot.php(68): CodeIgniter\Boot::runCodeIgniter(Object(CodeIgniter\CodeIgniter))
11 FCPATH\index.php(59): CodeIgniter\Boot::bootWeb(Object(Config\Paths))
12 SYSTEMPATH\rewrite.php(44): require_once('D:\\COMISSION\\kurt2.0\\public\\index.php')
DEBUG - 2025-11-24 06:40:14 --> Session: Class initialized using 'CodeIgniter\Session\Handlers\FileHandler' driver.
CRITICAL - 2025-11-24 06:40:14 --> ErrorException: Undefined variable $message
[Method: GET, Route: .well-known/appspecific/com.chrome.devtools.json]
in APPPATH\Views\errors\html\error_404.php on line 77.
 1 APPPATH\Views\errors\html\error_404.php(77): CodeIgniter\Debug\Exceptions->errorHandler(2, 'Undefined variable $message', 'D:\\COMISSION\\kurt2.0\\app\\Views\\errors\\html\\error_404.php', 77)
 2 SYSTEMPATH\View\View.php(226): include('D:\\COMISSION\\kurt2.0\\app\\Views\\errors\\html\\error_404.php')
 3 SYSTEMPATH\View\View.php(229): CodeIgniter\View\View->CodeIgniter\View\{closure}()
 4 SYSTEMPATH\Common.php(1167): CodeIgniter\View\View->render('errors/html/error_404', [], true)
 5 APPPATH\Config\Routes.php(85): view('errors/html/error_404')
 6 SYSTEMPATH\CodeIgniter.php(875): CodeIgniter\Router\RouteCollection->{closure}('.well-known/appspecific/com.chrome.devtools.json')
 7 SYSTEMPATH\CodeIgniter.php(494): CodeIgniter\CodeIgniter->startController()
 8 SYSTEMPATH\CodeIgniter.php(354): CodeIgniter\CodeIgniter->handleRequest(null, Object(Config\Cache), false)
 9 SYSTEMPATH\Boot.php(363): CodeIgniter\CodeIgniter->run()
10 SYSTEMPATH\Boot.php(68): CodeIgniter\Boot::runCodeIgniter(Object(CodeIgniter\CodeIgniter))
11 FCPATH\index.php(59): CodeIgniter\Boot::bootWeb(Object(Config\Paths))
12 SYSTEMPATH\rewrite.php(44): require_once('D:\\COMISSION\\kurt2.0\\public\\index.php')
DEBUG - 2025-11-24 06:40:17 --> Session: Class initialized using 'CodeIgniter\Session\Handlers\FileHandler' driver.
DEBUG - 2025-11-24 06:45:32 --> Session: Class initialized using 'CodeIgniter\Session\Handlers\FileHandler' driver.
CRITICAL - 2025-11-24 06:45:33 --> ErrorException: Undefined variable $message
[Method: GET, Route: .well-known/appspecific/com.chrome.devtools.json]
in APPPATH\Views\errors\html\error_404.php on line 77.
 1 APPPATH\Views\errors\html\error_404.php(77): CodeIgniter\Debug\Exceptions->errorHandler(2, 'Undefined variable $message', 'D:\\COMISSION\\kurt2.0\\app\\Views\\errors\\html\\error_404.php', 77)
 2 SYSTEMPATH\View\View.php(226): include('D:\\COMISSION\\kurt2.0\\app\\Views\\errors\\html\\error_404.php')
 3 SYSTEMPATH\View\View.php(229): CodeIgniter\View\View->CodeIgniter\View\{closure}()
 4 SYSTEMPATH\Common.php(1167): CodeIgniter\View\View->render('errors/html/error_404', [], true)
 5 APPPATH\Config\Routes.php(85): view('errors/html/error_404')
 6 SYSTEMPATH\CodeIgniter.php(875): CodeIgniter\Router\RouteCollection->{closure}('.well-known/appspecific/com.chrome.devtools.json')
 7 SYSTEMPATH\CodeIgniter.php(494): CodeIgniter\CodeIgniter->startController()
 8 SYSTEMPATH\CodeIgniter.php(354): CodeIgniter\CodeIgniter->handleRequest(null, Object(Config\Cache), false)
 9 SYSTEMPATH\Boot.php(363): CodeIgniter\CodeIgniter->run()
10 SYSTEMPATH\Boot.php(68): CodeIgniter\Boot::runCodeIgniter(Object(CodeIgniter\CodeIgniter))
11 FCPATH\index.php(59): CodeIgniter\Boot::bootWeb(Object(Config\Paths))
12 SYSTEMPATH\rewrite.php(44): require_once('D:\\COMISSION\\kurt2.0\\public\\index.php')
DEBUG - 2025-11-24 06:45:35 --> Session: Class initialized using 'CodeIgniter\Session\Handlers\FileHandler' driver.
DEBUG - 2025-11-24 06:45:52 --> Session: Class initialized using 'CodeIgniter\Session\Handlers\FileHandler' driver.
DEBUG - 2025-11-24 06:45:54 --> Session: Class initialized using 'CodeIgniter\Session\Handlers\FileHandler' driver.
DEBUG - 2025-11-24 06:48:45 --> Session: Class initialized using 'CodeIgniter\Session\Handlers\FileHandler' driver.
DEBUG - 2025-11-24 06:49:21 --> Session: Class initialized using 'CodeIgniter\Session\Handlers\FileHandler' driver.
DEBUG - 2025-11-24 06:49:26 --> Session: Class initialized using 'CodeIgniter\Session\Handlers\FileHandler' driver.
DEBUG - 2025-11-24 06:49:28 --> Session: Class initialized using 'CodeIgniter\Session\Handlers\FileHandler' driver.
DEBUG - 2025-11-24 06:49:29 --> Session: Class initialized using 'CodeIgniter\Session\Handlers\FileHandler' driver.
DEBUG - 2025-11-24 06:49:30 --> Session: Class initialized using 'CodeIgniter\Session\Handlers\FileHandler' driver.
DEBUG - 2025-11-24 06:49:30 --> Session: Class initialized using 'CodeIgniter\Session\Handlers\FileHandler' driver.
DEBUG - 2025-11-24 06:49:30 --> Session: Class initialized using 'CodeIgniter\Session\Handlers\FileHandler' driver.
DEBUG - 2025-11-24 06:49:47 --> Session: Class initialized using 'CodeIgniter\Session\Handlers\FileHandler' driver.
DEBUG - 2025-11-24 06:49:49 --> Session: Class initialized using 'CodeIgniter\Session\Handlers\FileHandler' driver.
DEBUG - 2025-11-24 06:49:57 --> Session: Class initialized using 'CodeIgniter\Session\Handlers\FileHandler' driver.
DEBUG - 2025-11-24 06:49:59 --> Session: Class initialized using 'CodeIgniter\Session\Handlers\FileHandler' driver.
DEBUG - 2025-11-24 06:52:43 --> Session: Class initialized using 'CodeIgniter\Session\Handlers\FileHandler' driver.
DEBUG - 2025-11-24 06:52:47 --> Session: Class initialized using 'CodeIgniter\Session\Handlers\FileHandler' driver.
DEBUG - 2025-11-24 06:52:50 --> Session: Class initialized using 'CodeIgniter\Session\Handlers\FileHandler' driver.
CRITICAL - 2025-11-24 06:52:51 --> ErrorException: Undefined variable $message
[Method: GET, Route: admin/getRevenueData]
in APPPATH\Views\errors\html\error_404.php on line 77.
 1 APPPATH\Views\errors\html\error_404.php(77): CodeIgniter\Debug\Exceptions->errorHandler(2, 'Undefined variable $message', 'D:\\COMISSION\\kurt2.0\\app\\Views\\errors\\html\\error_404.php', 77)
 2 SYSTEMPATH\View\View.php(226): include('D:\\COMISSION\\kurt2.0\\app\\Views\\errors\\html\\error_404.php')
 3 SYSTEMPATH\View\View.php(229): CodeIgniter\View\View->CodeIgniter\View\{closure}()
 4 SYSTEMPATH\Common.php(1167): CodeIgniter\View\View->render('errors/html/error_404', [], true)
 5 APPPATH\Config\Routes.php(85): view('errors/html/error_404')
 6 SYSTEMPATH\CodeIgniter.php(875): CodeIgniter\Router\RouteCollection->{closure}('admin/getRevenueData')
 7 SYSTEMPATH\CodeIgniter.php(494): CodeIgniter\CodeIgniter->startController()
 8 SYSTEMPATH\CodeIgniter.php(354): CodeIgniter\CodeIgniter->handleRequest(null, Object(Config\Cache), false)
 9 SYSTEMPATH\Boot.php(363): CodeIgniter\CodeIgniter->run()
10 SYSTEMPATH\Boot.php(68): CodeIgniter\Boot::runCodeIgniter(Object(CodeIgniter\CodeIgniter))
11 FCPATH\index.php(59): CodeIgniter\Boot::bootWeb(Object(Config\Paths))
12 SYSTEMPATH\rewrite.php(44): require_once('D:\\COMISSION\\kurt2.0\\public\\index.php')
DEBUG - 2025-11-24 06:52:53 --> Session: Class initialized using 'CodeIgniter\Session\Handlers\FileHandler' driver.
DEBUG - 2025-11-24 07:01:54 --> Session: Class initialized using 'CodeIgniter\Session\Handlers\FileHandler' driver.
CRITICAL - 2025-11-24 07:01:54 --> TypeError: CodeIgniter\Pager\Pager::__construct(): Argument #1 ($config) must be of type Config\Pager, array given, called in D:\COMISSION\kurt2.0\app\Controllers\Admin.php on line 736
[Method: GET, Route: admin/managePayments]
in SYSTEMPATH\Pager\Pager.php on line 72.
 1 APPPATH\Controllers\Admin.php(736): CodeIgniter\Pager\Pager->__construct([...], 5)
 2 SYSTEMPATH\CodeIgniter.php(933): App\Controllers\Admin->managePayments()
 3 SYSTEMPATH\CodeIgniter.php(507): CodeIgniter\CodeIgniter->runController(Object(App\Controllers\Admin))
 4 SYSTEMPATH\CodeIgniter.php(354): CodeIgniter\CodeIgniter->handleRequest(null, Object(Config\Cache), false)
 5 SYSTEMPATH\Boot.php(363): CodeIgniter\CodeIgniter->run()
 6 SYSTEMPATH\Boot.php(68): CodeIgniter\Boot::runCodeIgniter(Object(CodeIgniter\CodeIgniter))
 7 FCPATH\index.php(59): CodeIgniter\Boot::bootWeb(Object(Config\Paths))
 8 SYSTEMPATH\rewrite.php(44): require_once('D:\\COMISSION\\kurt2.0\\public\\index.php')
DEBUG - 2025-11-24 07:02:56 --> Session: Class initialized using 'CodeIgniter\Session\Handlers\FileHandler' driver.
DEBUG - 2025-11-24 07:03:30 --> Session: Class initialized using 'CodeIgniter\Session\Handlers\FileHandler' driver.
CRITICAL - 2025-11-24 07:03:41 --> ErrorException: Undefined variable $message
[Method: GET, Route: admin/viewPayment/6]
in APPPATH\Views\errors\html\error_404.php on line 77.
 1 APPPATH\Views\errors\html\error_404.php(77): CodeIgniter\Debug\Exceptions->errorHandler(2, 'Undefined variable $message', 'D:\\COMISSION\\kurt2.0\\app\\Views\\errors\\html\\error_404.php', 77)
 2 SYSTEMPATH\View\View.php(226): include('D:\\COMISSION\\kurt2.0\\app\\Views\\errors\\html\\error_404.php')
 3 SYSTEMPATH\View\View.php(229): CodeIgniter\View\View->CodeIgniter\View\{closure}()
 4 SYSTEMPATH\Common.php(1167): CodeIgniter\View\View->render('errors/html/error_404', [], true)
 5 APPPATH\Config\Routes.php(85): view('errors/html/error_404')
 6 SYSTEMPATH\CodeIgniter.php(875): CodeIgniter\Router\RouteCollection->{closure}('admin/viewPayment/6')
 7 SYSTEMPATH\CodeIgniter.php(494): CodeIgniter\CodeIgniter->startController()
 8 SYSTEMPATH\CodeIgniter.php(354): CodeIgniter\CodeIgniter->handleRequest(null, Object(Config\Cache), false)
 9 SYSTEMPATH\Boot.php(363): CodeIgniter\CodeIgniter->run()
10 SYSTEMPATH\Boot.php(68): CodeIgniter\Boot::runCodeIgniter(Object(CodeIgniter\CodeIgniter))
11 FCPATH\index.php(59): CodeIgniter\Boot::bootWeb(Object(Config\Paths))
12 SYSTEMPATH\rewrite.php(44): require_once('D:\\COMISSION\\kurt2.0\\public\\index.php')
DEBUG - 2025-11-24 07:21:02 --> Session: Class initialized using 'CodeIgniter\Session\Handlers\FileHandler' driver.
DEBUG - 2025-11-24 07:21:02 --> Session: Class initialized using 'CodeIgniter\Session\Handlers\FileHandler' driver.
CRITICAL - 2025-11-24 07:21:08 --> ErrorException: Undefined variable $message
[Method: GET, Route: admin/getRevenueData]
in APPPATH\Views\errors\html\error_404.php on line 77.
 1 APPPATH\Views\errors\html\error_404.php(77): CodeIgniter\Debug\Exceptions->errorHandler(2, 'Undefined variable $message', 'D:\\COMISSION\\kurt2.0\\app\\Views\\errors\\html\\error_404.php', 77)
 2 SYSTEMPATH\View\View.php(226): include('D:\\COMISSION\\kurt2.0\\app\\Views\\errors\\html\\error_404.php')
 3 SYSTEMPATH\View\View.php(229): CodeIgniter\View\View->CodeIgniter\View\{closure}()
 4 SYSTEMPATH\Common.php(1167): CodeIgniter\View\View->render('errors/html/error_404', [], true)
 5 APPPATH\Config\Routes.php(85): view('errors/html/error_404')
 6 SYSTEMPATH\CodeIgniter.php(875): CodeIgniter\Router\RouteCollection->{closure}('admin/getRevenueData')
 7 SYSTEMPATH\CodeIgniter.php(494): CodeIgniter\CodeIgniter->startController()
 8 SYSTEMPATH\CodeIgniter.php(354): CodeIgniter\CodeIgniter->handleRequest(null, Object(Config\Cache), false)
 9 SYSTEMPATH\Boot.php(363): CodeIgniter\CodeIgniter->run()
10 SYSTEMPATH\Boot.php(68): CodeIgniter\Boot::runCodeIgniter(Object(CodeIgniter\CodeIgniter))
11 FCPATH\index.php(59): CodeIgniter\Boot::bootWeb(Object(Config\Paths))
12 SYSTEMPATH\rewrite.php(44): require_once('D:\\COMISSION\\kurt2.0\\public\\index.php')
DEBUG - 2025-11-24 07:21:08 --> Session: Class initialized using 'CodeIgniter\Session\Handlers\FileHandler' driver.
DEBUG - 2025-11-24 07:21:10 --> Session: Class initialized using 'CodeIgniter\Session\Handlers\FileHandler' driver.
DEBUG - 2025-11-24 07:21:11 --> Session: Class initialized using 'CodeIgniter\Session\Handlers\FileHandler' driver.
DEBUG - 2025-11-24 07:21:19 --> Session: Class initialized using 'CodeIgniter\Session\Handlers\FileHandler' driver.
CRITICAL - 2025-11-24 07:21:20 --> ErrorException: Undefined variable $message
[Method: GET, Route: admin/getRevenueData]
in APPPATH\Views\errors\html\error_404.php on line 77.
 1 APPPATH\Views\errors\html\error_404.php(77): CodeIgniter\Debug\Exceptions->errorHandler(2, 'Undefined variable $message', 'D:\\COMISSION\\kurt2.0\\app\\Views\\errors\\html\\error_404.php', 77)
 2 SYSTEMPATH\View\View.php(226): include('D:\\COMISSION\\kurt2.0\\app\\Views\\errors\\html\\error_404.php')
 3 SYSTEMPATH\View\View.php(229): CodeIgniter\View\View->CodeIgniter\View\{closure}()
 4 SYSTEMPATH\Common.php(1167): CodeIgniter\View\View->render('errors/html/error_404', [], true)
 5 APPPATH\Config\Routes.php(85): view('errors/html/error_404')
 6 SYSTEMPATH\CodeIgniter.php(875): CodeIgniter\Router\RouteCollection->{closure}('admin/getRevenueData')
 7 SYSTEMPATH\CodeIgniter.php(494): CodeIgniter\CodeIgniter->startController()
 8 SYSTEMPATH\CodeIgniter.php(354): CodeIgniter\CodeIgniter->handleRequest(null, Object(Config\Cache), false)
 9 SYSTEMPATH\Boot.php(363): CodeIgniter\CodeIgniter->run()
10 SYSTEMPATH\Boot.php(68): CodeIgniter\Boot::runCodeIgniter(Object(CodeIgniter\CodeIgniter))
11 FCPATH\index.php(59): CodeIgniter\Boot::bootWeb(Object(Config\Paths))
12 SYSTEMPATH\rewrite.php(44): require_once('D:\\COMISSION\\kurt2.0\\public\\index.php')
CRITICAL - 2025-11-24 07:21:22 --> ErrorException: Undefined variable $message
[Method: GET, Route: admin/getRevenueData]
in APPPATH\Views\errors\html\error_404.php on line 77.
 1 APPPATH\Views\errors\html\error_404.php(77): CodeIgniter\Debug\Exceptions->errorHandler(2, 'Undefined variable $message', 'D:\\COMISSION\\kurt2.0\\app\\Views\\errors\\html\\error_404.php', 77)
 2 SYSTEMPATH\View\View.php(226): include('D:\\COMISSION\\kurt2.0\\app\\Views\\errors\\html\\error_404.php')
 3 SYSTEMPATH\View\View.php(229): CodeIgniter\View\View->CodeIgniter\View\{closure}()
 4 SYSTEMPATH\Common.php(1167): CodeIgniter\View\View->render('errors/html/error_404', [], true)
 5 APPPATH\Config\Routes.php(85): view('errors/html/error_404')
 6 SYSTEMPATH\CodeIgniter.php(875): CodeIgniter\Router\RouteCollection->{closure}('admin/getRevenueData')
 7 SYSTEMPATH\CodeIgniter.php(494): CodeIgniter\CodeIgniter->startController()
 8 SYSTEMPATH\CodeIgniter.php(354): CodeIgniter\CodeIgniter->handleRequest(null, Object(Config\Cache), false)
 9 SYSTEMPATH\Boot.php(363): CodeIgniter\CodeIgniter->run()
10 SYSTEMPATH\Boot.php(68): CodeIgniter\Boot::runCodeIgniter(Object(CodeIgniter\CodeIgniter))
11 FCPATH\index.php(59): CodeIgniter\Boot::bootWeb(Object(Config\Paths))
12 SYSTEMPATH\rewrite.php(44): require_once('D:\\COMISSION\\kurt2.0\\public\\index.php')
DEBUG - 2025-11-24 07:21:25 --> Session: Class initialized using 'CodeIgniter\Session\Handlers\FileHandler' driver.
DEBUG - 2025-11-24 07:32:08 --> Session: Class initialized using 'CodeIgniter\Session\Handlers\FileHandler' driver.
DEBUG - 2025-11-24 07:33:01 --> Session: Class initialized using 'CodeIgniter\Session\Handlers\FileHandler' driver.
CRITICAL - 2025-11-24 07:33:34 --> ErrorException: Undefined variable $message
[Method: GET, Route: admin/viewPayment/6]
in APPPATH\Views\errors\html\error_404.php on line 77.
 1 APPPATH\Views\errors\html\error_404.php(77): CodeIgniter\Debug\Exceptions->errorHandler(2, 'Undefined variable $message', 'D:\\COMISSION\\kurt2.0\\app\\Views\\errors\\html\\error_404.php', 77)
 2 SYSTEMPATH\View\View.php(226): include('D:\\COMISSION\\kurt2.0\\app\\Views\\errors\\html\\error_404.php')
 3 SYSTEMPATH\View\View.php(229): CodeIgniter\View\View->CodeIgniter\View\{closure}()
 4 SYSTEMPATH\Common.php(1167): CodeIgniter\View\View->render('errors/html/error_404', [], true)
 5 APPPATH\Config\Routes.php(85): view('errors/html/error_404')
 6 SYSTEMPATH\CodeIgniter.php(875): CodeIgniter\Router\RouteCollection->{closure}('admin/viewPayment/6')
 7 SYSTEMPATH\CodeIgniter.php(494): CodeIgniter\CodeIgniter->startController()
 8 SYSTEMPATH\CodeIgniter.php(354): CodeIgniter\CodeIgniter->handleRequest(null, Object(Config\Cache), false)
 9 SYSTEMPATH\Boot.php(363): CodeIgniter\CodeIgniter->run()
10 SYSTEMPATH\Boot.php(68): CodeIgniter\Boot::runCodeIgniter(Object(CodeIgniter\CodeIgniter))
11 FCPATH\index.php(59): CodeIgniter\Boot::bootWeb(Object(Config\Paths))
12 SYSTEMPATH\rewrite.php(44): require_once('D:\\COMISSION\\kurt2.0\\public\\index.php')
DEBUG - 2025-11-24 07:33:40 --> Session: Class initialized using 'CodeIgniter\Session\Handlers\FileHandler' driver.
DEBUG - 2025-11-24 07:33:43 --> Session: Class initialized using 'CodeIgniter\Session\Handlers\FileHandler' driver.
DEBUG - 2025-11-24 07:33:47 --> Session: Class initialized using 'CodeIgniter\Session\Handlers\FileHandler' driver.
CRITICAL - 2025-11-24 07:33:47 --> ErrorException: Undefined variable $message
[Method: GET, Route: admin/getRevenueData]
in APPPATH\Views\errors\html\error_404.php on line 77.
 1 APPPATH\Views\errors\html\error_404.php(77): CodeIgniter\Debug\Exceptions->errorHandler(2, 'Undefined variable $message', 'D:\\COMISSION\\kurt2.0\\app\\Views\\errors\\html\\error_404.php', 77)
 2 SYSTEMPATH\View\View.php(226): include('D:\\COMISSION\\kurt2.0\\app\\Views\\errors\\html\\error_404.php')
 3 SYSTEMPATH\View\View.php(229): CodeIgniter\View\View->CodeIgniter\View\{closure}()
 4 SYSTEMPATH\Common.php(1167): CodeIgniter\View\View->render('errors/html/error_404', [], true)
 5 APPPATH\Config\Routes.php(85): view('errors/html/error_404')
 6 SYSTEMPATH\CodeIgniter.php(875): CodeIgniter\Router\RouteCollection->{closure}('admin/getRevenueData')
 7 SYSTEMPATH\CodeIgniter.php(494): CodeIgniter\CodeIgniter->startController()
 8 SYSTEMPATH\CodeIgniter.php(354): CodeIgniter\CodeIgniter->handleRequest(null, Object(Config\Cache), false)
 9 SYSTEMPATH\Boot.php(363): CodeIgniter\CodeIgniter->run()
10 SYSTEMPATH\Boot.php(68): CodeIgniter\Boot::runCodeIgniter(Object(CodeIgniter\CodeIgniter))
11 FCPATH\index.php(59): CodeIgniter\Boot::bootWeb(Object(Config\Paths))
12 SYSTEMPATH\rewrite.php(44): require_once('D:\\COMISSION\\kurt2.0\\public\\index.php')
DEBUG - 2025-11-24 07:33:50 --> Session: Class initialized using 'CodeIgniter\Session\Handlers\FileHandler' driver.
DEBUG - 2025-11-24 07:33:52 --> Session: Class initialized using 'CodeIgniter\Session\Handlers\FileHandler' driver.
CRITICAL - 2025-11-24 07:33:52 --> ErrorException: Undefined variable $message
[Method: GET, Route: admin/getRevenueData]
in APPPATH\Views\errors\html\error_404.php on line 77.
 1 APPPATH\Views\errors\html\error_404.php(77): CodeIgniter\Debug\Exceptions->errorHandler(2, 'Undefined variable $message', 'D:\\COMISSION\\kurt2.0\\app\\Views\\errors\\html\\error_404.php', 77)
 2 SYSTEMPATH\View\View.php(226): include('D:\\COMISSION\\kurt2.0\\app\\Views\\errors\\html\\error_404.php')
 3 SYSTEMPATH\View\View.php(229): CodeIgniter\View\View->CodeIgniter\View\{closure}()
 4 SYSTEMPATH\Common.php(1167): CodeIgniter\View\View->render('errors/html/error_404', [], true)
 5 APPPATH\Config\Routes.php(85): view('errors/html/error_404')
 6 SYSTEMPATH\CodeIgniter.php(875): CodeIgniter\Router\RouteCollection->{closure}('admin/getRevenueData')
 7 SYSTEMPATH\CodeIgniter.php(494): CodeIgniter\CodeIgniter->startController()
 8 SYSTEMPATH\CodeIgniter.php(354): CodeIgniter\CodeIgniter->handleRequest(null, Object(Config\Cache), false)
 9 SYSTEMPATH\Boot.php(363): CodeIgniter\CodeIgniter->run()
10 SYSTEMPATH\Boot.php(68): CodeIgniter\Boot::runCodeIgniter(Object(CodeIgniter\CodeIgniter))
11 FCPATH\index.php(59): CodeIgniter\Boot::bootWeb(Object(Config\Paths))
12 SYSTEMPATH\rewrite.php(44): require_once('D:\\COMISSION\\kurt2.0\\public\\index.php')
DEBUG - 2025-11-24 07:33:54 --> Session: Class initialized using 'CodeIgniter\Session\Handlers\FileHandler' driver.
CRITICAL - 2025-11-24 07:34:06 --> ErrorException: Undefined variable $message
[Method: GET, Route: admin/printReceipt/4]
in APPPATH\Views\errors\html\error_404.php on line 77.
 1 APPPATH\Views\errors\html\error_404.php(77): CodeIgniter\Debug\Exceptions->errorHandler(2, 'Undefined variable $message', 'D:\\COMISSION\\kurt2.0\\app\\Views\\errors\\html\\error_404.php', 77)
 2 SYSTEMPATH\View\View.php(226): include('D:\\COMISSION\\kurt2.0\\app\\Views\\errors\\html\\error_404.php')
 3 SYSTEMPATH\View\View.php(229): CodeIgniter\View\View->CodeIgniter\View\{closure}()
 4 SYSTEMPATH\Common.php(1167): CodeIgniter\View\View->render('errors/html/error_404', [], true)
 5 APPPATH\Config\Routes.php(85): view('errors/html/error_404')
 6 SYSTEMPATH\CodeIgniter.php(875): CodeIgniter\Router\RouteCollection->{closure}('admin/printReceipt/4')
 7 SYSTEMPATH\CodeIgniter.php(494): CodeIgniter\CodeIgniter->startController()
 8 SYSTEMPATH\CodeIgniter.php(354): CodeIgniter\CodeIgniter->handleRequest(null, Object(Config\Cache), false)
 9 SYSTEMPATH\Boot.php(363): CodeIgniter\CodeIgniter->run()
10 SYSTEMPATH\Boot.php(68): CodeIgniter\Boot::runCodeIgniter(Object(CodeIgniter\CodeIgniter))
11 FCPATH\index.php(59): CodeIgniter\Boot::bootWeb(Object(Config\Paths))
12 SYSTEMPATH\rewrite.php(44): require_once('D:\\COMISSION\\kurt2.0\\public\\index.php')
DEBUG - 2025-11-24 07:37:31 --> Session: Class initialized using 'CodeIgniter\Session\Handlers\FileHandler' driver.
DEBUG - 2025-11-24 07:46:23 --> Session: Class initialized using 'CodeIgniter\Session\Handlers\FileHandler' driver.
CRITICAL - 2025-11-24 07:46:27 --> ErrorException: Undefined variable $message
[Method: GET, Route: admin/viewPayment/6]
in APPPATH\Views\errors\html\error_404.php on line 77.
 1 APPPATH\Views\errors\html\error_404.php(77): CodeIgniter\Debug\Exceptions->errorHandler(2, 'Undefined variable $message', 'D:\\COMISSION\\kurt2.0\\app\\Views\\errors\\html\\error_404.php', 77)
 2 SYSTEMPATH\View\View.php(226): include('D:\\COMISSION\\kurt2.0\\app\\Views\\errors\\html\\error_404.php')
 3 SYSTEMPATH\View\View.php(229): CodeIgniter\View\View->CodeIgniter\View\{closure}()
 4 SYSTEMPATH\Common.php(1167): CodeIgniter\View\View->render('errors/html/error_404', [], true)
 5 APPPATH\Config\Routes.php(86): view('errors/html/error_404')
 6 SYSTEMPATH\CodeIgniter.php(875): CodeIgniter\Router\RouteCollection->{closure}('admin/viewPayment/6')
 7 SYSTEMPATH\CodeIgniter.php(494): CodeIgniter\CodeIgniter->startController()
 8 SYSTEMPATH\CodeIgniter.php(354): CodeIgniter\CodeIgniter->handleRequest(null, Object(Config\Cache), false)
 9 SYSTEMPATH\Boot.php(363): CodeIgniter\CodeIgniter->run()
10 SYSTEMPATH\Boot.php(68): CodeIgniter\Boot::runCodeIgniter(Object(CodeIgniter\CodeIgniter))
11 FCPATH\index.php(59): CodeIgniter\Boot::bootWeb(Object(Config\Paths))
12 SYSTEMPATH\rewrite.php(44): require_once('D:\\COMISSION\\kurt2.0\\public\\index.php')
DEBUG - 2025-11-24 07:46:28 --> Session: Class initialized using 'CodeIgniter\Session\Handlers\FileHandler' driver.
DEBUG - 2025-11-24 07:46:30 --> Session: Class initialized using 'CodeIgniter\Session\Handlers\FileHandler' driver.
DEBUG - 2025-11-24 07:46:43 --> Session: Class initialized using 'CodeIgniter\Session\Handlers\FileHandler' driver.
DEBUG - 2025-11-24 07:46:50 --> Session: Class initialized using 'CodeIgniter\Session\Handlers\FileHandler' driver.
DEBUG - 2025-11-24 07:50:45 --> Session: Class initialized using 'CodeIgniter\Session\Handlers\FileHandler' driver.
DEBUG - 2025-11-24 07:50:48 --> Session: Class initialized using 'CodeIgniter\Session\Handlers\FileHandler' driver.
DEBUG - 2025-11-24 07:53:25 --> Session: Class initialized using 'CodeIgniter\Session\Handlers\FileHandler' driver.
DEBUG - 2025-11-24 07:53:32 --> Session: Class initialized using 'CodeIgniter\Session\Handlers\FileHandler' driver.
DEBUG - 2025-11-24 07:53:48 --> Session: Class initialized using 'CodeIgniter\Session\Handlers\FileHandler' driver.
CRITICAL - 2025-11-24 07:53:49 --> ErrorException: Undefined variable $message
[Method: GET, Route: admin/getRevenueData]
in APPPATH\Views\errors\html\error_404.php on line 77.
 1 APPPATH\Views\errors\html\error_404.php(77): CodeIgniter\Debug\Exceptions->errorHandler(2, 'Undefined variable $message', 'D:\\COMISSION\\kurt2.0\\app\\Views\\errors\\html\\error_404.php', 77)
 2 SYSTEMPATH\View\View.php(226): include('D:\\COMISSION\\kurt2.0\\app\\Views\\errors\\html\\error_404.php')
 3 SYSTEMPATH\View\View.php(229): CodeIgniter\View\View->CodeIgniter\View\{closure}()
 4 SYSTEMPATH\Common.php(1167): CodeIgniter\View\View->render('errors/html/error_404', [], true)
 5 APPPATH\Config\Routes.php(86): view('errors/html/error_404')
 6 SYSTEMPATH\CodeIgniter.php(875): CodeIgniter\Router\RouteCollection->{closure}('admin/getRevenueData')
 7 SYSTEMPATH\CodeIgniter.php(494): CodeIgniter\CodeIgniter->startController()
 8 SYSTEMPATH\CodeIgniter.php(354): CodeIgniter\CodeIgniter->handleRequest(null, Object(Config\Cache), false)
 9 SYSTEMPATH\Boot.php(363): CodeIgniter\CodeIgniter->run()
10 SYSTEMPATH\Boot.php(68): CodeIgniter\Boot::runCodeIgniter(Object(CodeIgniter\CodeIgniter))
11 FCPATH\index.php(59): CodeIgniter\Boot::bootWeb(Object(Config\Paths))
12 SYSTEMPATH\rewrite.php(44): require_once('D:\\COMISSION\\kurt2.0\\public\\index.php')
DEBUG - 2025-11-24 07:55:20 --> Session: Class initialized using 'CodeIgniter\Session\Handlers\FileHandler' driver.
CRITICAL - 2025-11-24 07:55:20 --> ErrorException: Undefined variable $message
[Method: GET, Route: admin/getRevenueData]
in APPPATH\Views\errors\html\error_404.php on line 77.
 1 APPPATH\Views\errors\html\error_404.php(77): CodeIgniter\Debug\Exceptions->errorHandler(2, 'Undefined variable $message', 'D:\\COMISSION\\kurt2.0\\app\\Views\\errors\\html\\error_404.php', 77)
 2 SYSTEMPATH\View\View.php(226): include('D:\\COMISSION\\kurt2.0\\app\\Views\\errors\\html\\error_404.php')
 3 SYSTEMPATH\View\View.php(229): CodeIgniter\View\View->CodeIgniter\View\{closure}()
 4 SYSTEMPATH\Common.php(1167): CodeIgniter\View\View->render('errors/html/error_404', [], true)
 5 APPPATH\Config\Routes.php(86): view('errors/html/error_404')
 6 SYSTEMPATH\CodeIgniter.php(875): CodeIgniter\Router\RouteCollection->{closure}('admin/getRevenueData')
 7 SYSTEMPATH\CodeIgniter.php(494): CodeIgniter\CodeIgniter->startController()
 8 SYSTEMPATH\CodeIgniter.php(354): CodeIgniter\CodeIgniter->handleRequest(null, Object(Config\Cache), false)
 9 SYSTEMPATH\Boot.php(363): CodeIgniter\CodeIgniter->run()
10 SYSTEMPATH\Boot.php(68): CodeIgniter\Boot::runCodeIgniter(Object(CodeIgniter\CodeIgniter))
11 FCPATH\index.php(59): CodeIgniter\Boot::bootWeb(Object(Config\Paths))
12 SYSTEMPATH\rewrite.php(44): require_once('D:\\COMISSION\\kurt2.0\\public\\index.php')
DEBUG - 2025-11-24 07:56:07 --> Session: Class initialized using 'CodeIgniter\Session\Handlers\FileHandler' driver.
CRITICAL - 2025-11-24 07:56:08 --> ErrorException: Undefined variable $message
[Method: GET, Route: admin/getRevenueData]
in APPPATH\Views\errors\html\error_404.php on line 77.
 1 APPPATH\Views\errors\html\error_404.php(77): CodeIgniter\Debug\Exceptions->errorHandler(2, 'Undefined variable $message', 'D:\\COMISSION\\kurt2.0\\app\\Views\\errors\\html\\error_404.php', 77)
 2 SYSTEMPATH\View\View.php(226): include('D:\\COMISSION\\kurt2.0\\app\\Views\\errors\\html\\error_404.php')
 3 SYSTEMPATH\View\View.php(229): CodeIgniter\View\View->CodeIgniter\View\{closure}()
 4 SYSTEMPATH\Common.php(1167): CodeIgniter\View\View->render('errors/html/error_404', [], true)
 5 APPPATH\Config\Routes.php(86): view('errors/html/error_404')
 6 SYSTEMPATH\CodeIgniter.php(875): CodeIgniter\Router\RouteCollection->{closure}('admin/getRevenueData')
 7 SYSTEMPATH\CodeIgniter.php(494): CodeIgniter\CodeIgniter->startController()
 8 SYSTEMPATH\CodeIgniter.php(354): CodeIgniter\CodeIgniter->handleRequest(null, Object(Config\Cache), false)
 9 SYSTEMPATH\Boot.php(363): CodeIgniter\CodeIgniter->run()
10 SYSTEMPATH\Boot.php(68): CodeIgniter\Boot::runCodeIgniter(Object(CodeIgniter\CodeIgniter))
11 FCPATH\index.php(59): CodeIgniter\Boot::bootWeb(Object(Config\Paths))
12 SYSTEMPATH\rewrite.php(44): require_once('D:\\COMISSION\\kurt2.0\\public\\index.php')
DEBUG - 2025-11-24 07:58:32 --> Session: Class initialized using 'CodeIgniter\Session\Handlers\FileHandler' driver.
CRITICAL - 2025-11-24 07:58:34 --> ErrorException: Undefined variable $message
[Method: GET, Route: admin/getRevenueData]
in APPPATH\Views\errors\html\error_404.php on line 77.
 1 APPPATH\Views\errors\html\error_404.php(77): CodeIgniter\Debug\Exceptions->errorHandler(2, 'Undefined variable $message', 'D:\\COMISSION\\kurt2.0\\app\\Views\\errors\\html\\error_404.php', 77)
 2 SYSTEMPATH\View\View.php(226): include('D:\\COMISSION\\kurt2.0\\app\\Views\\errors\\html\\error_404.php')
 3 SYSTEMPATH\View\View.php(229): CodeIgniter\View\View->CodeIgniter\View\{closure}()
 4 SYSTEMPATH\Common.php(1167): CodeIgniter\View\View->render('errors/html/error_404', [], true)
 5 APPPATH\Config\Routes.php(87): view('errors/html/error_404')
 6 SYSTEMPATH\CodeIgniter.php(875): CodeIgniter\Router\RouteCollection->{closure}('admin/getRevenueData')
 7 SYSTEMPATH\CodeIgniter.php(494): CodeIgniter\CodeIgniter->startController()
 8 SYSTEMPATH\CodeIgniter.php(354): CodeIgniter\CodeIgniter->handleRequest(null, Object(Config\Cache), false)
 9 SYSTEMPATH\Boot.php(363): CodeIgniter\CodeIgniter->run()
10 SYSTEMPATH\Boot.php(68): CodeIgniter\Boot::runCodeIgniter(Object(CodeIgniter\CodeIgniter))
11 FCPATH\index.php(59): CodeIgniter\Boot::bootWeb(Object(Config\Paths))
12 SYSTEMPATH\rewrite.php(44): require_once('D:\\COMISSION\\kurt2.0\\public\\index.php')
DEBUG - 2025-11-24 07:59:44 --> Session: Class initialized using 'CodeIgniter\Session\Handlers\FileHandler' driver.
CRITICAL - 2025-11-24 07:59:45 --> ErrorException: Undefined variable $message
[Method: GET, Route: admin/getRevenueData]
in APPPATH\Views\errors\html\error_404.php on line 77.
 1 APPPATH\Views\errors\html\error_404.php(77): CodeIgniter\Debug\Exceptions->errorHandler(2, 'Undefined variable $message', 'D:\\COMISSION\\kurt2.0\\app\\Views\\errors\\html\\error_404.php', 77)
 2 SYSTEMPATH\View\View.php(226): include('D:\\COMISSION\\kurt2.0\\app\\Views\\errors\\html\\error_404.php')
 3 SYSTEMPATH\View\View.php(229): CodeIgniter\View\View->CodeIgniter\View\{closure}()
 4 SYSTEMPATH\Common.php(1167): CodeIgniter\View\View->render('errors/html/error_404', [], true)
 5 APPPATH\Config\Routes.php(87): view('errors/html/error_404')
 6 SYSTEMPATH\CodeIgniter.php(875): CodeIgniter\Router\RouteCollection->{closure}('admin/getRevenueData')
 7 SYSTEMPATH\CodeIgniter.php(494): CodeIgniter\CodeIgniter->startController()
 8 SYSTEMPATH\CodeIgniter.php(354): CodeIgniter\CodeIgniter->handleRequest(null, Object(Config\Cache), false)
 9 SYSTEMPATH\Boot.php(363): CodeIgniter\CodeIgniter->run()
10 SYSTEMPATH\Boot.php(68): CodeIgniter\Boot::runCodeIgniter(Object(CodeIgniter\CodeIgniter))
11 FCPATH\index.php(59): CodeIgniter\Boot::bootWeb(Object(Config\Paths))
12 SYSTEMPATH\rewrite.php(44): require_once('D:\\COMISSION\\kurt2.0\\public\\index.php')
CRITICAL - 2025-11-24 07:59:50 --> ErrorException: Undefined variable $message
[Method: GET, Route: admin/getRevenueData]
in APPPATH\Views\errors\html\error_404.php on line 77.
 1 APPPATH\Views\errors\html\error_404.php(77): CodeIgniter\Debug\Exceptions->errorHandler(2, 'Undefined variable $message', 'D:\\COMISSION\\kurt2.0\\app\\Views\\errors\\html\\error_404.php', 77)
 2 SYSTEMPATH\View\View.php(226): include('D:\\COMISSION\\kurt2.0\\app\\Views\\errors\\html\\error_404.php')
 3 SYSTEMPATH\View\View.php(229): CodeIgniter\View\View->CodeIgniter\View\{closure}()
 4 SYSTEMPATH\Common.php(1167): CodeIgniter\View\View->render('errors/html/error_404', [], true)
 5 APPPATH\Config\Routes.php(87): view('errors/html/error_404')
 6 SYSTEMPATH\CodeIgniter.php(875): CodeIgniter\Router\RouteCollection->{closure}('admin/getRevenueData')
 7 SYSTEMPATH\CodeIgniter.php(494): CodeIgniter\CodeIgniter->startController()
 8 SYSTEMPATH\CodeIgniter.php(354): CodeIgniter\CodeIgniter->handleRequest(null, Object(Config\Cache), false)
 9 SYSTEMPATH\Boot.php(363): CodeIgniter\CodeIgniter->run()
10 SYSTEMPATH\Boot.php(68): CodeIgniter\Boot::runCodeIgniter(Object(CodeIgniter\CodeIgniter))
11 FCPATH\index.php(59): CodeIgniter\Boot::bootWeb(Object(Config\Paths))
12 SYSTEMPATH\rewrite.php(44): require_once('D:\\COMISSION\\kurt2.0\\public\\index.php')
DEBUG - 2025-11-24 08:00:15 --> Session: Class initialized using 'CodeIgniter\Session\Handlers\FileHandler' driver.
CRITICAL - 2025-11-24 08:00:16 --> ErrorException: Undefined variable $message
[Method: GET, Route: admin/getRevenueData]
in APPPATH\Views\errors\html\error_404.php on line 77.
 1 APPPATH\Views\errors\html\error_404.php(77): CodeIgniter\Debug\Exceptions->errorHandler(2, 'Undefined variable $message', 'D:\\COMISSION\\kurt2.0\\app\\Views\\errors\\html\\error_404.php', 77)
 2 SYSTEMPATH\View\View.php(226): include('D:\\COMISSION\\kurt2.0\\app\\Views\\errors\\html\\error_404.php')
 3 SYSTEMPATH\View\View.php(229): CodeIgniter\View\View->CodeIgniter\View\{closure}()
 4 SYSTEMPATH\Common.php(1167): CodeIgniter\View\View->render('errors/html/error_404', [], true)
 5 APPPATH\Config\Routes.php(87): view('errors/html/error_404')
 6 SYSTEMPATH\CodeIgniter.php(875): CodeIgniter\Router\RouteCollection->{closure}('admin/getRevenueData')
 7 SYSTEMPATH\CodeIgniter.php(494): CodeIgniter\CodeIgniter->startController()
 8 SYSTEMPATH\CodeIgniter.php(354): CodeIgniter\CodeIgniter->handleRequest(null, Object(Config\Cache), false)
 9 SYSTEMPATH\Boot.php(363): CodeIgniter\CodeIgniter->run()
10 SYSTEMPATH\Boot.php(68): CodeIgniter\Boot::runCodeIgniter(Object(CodeIgniter\CodeIgniter))
11 FCPATH\index.php(59): CodeIgniter\Boot::bootWeb(Object(Config\Paths))
12 SYSTEMPATH\rewrite.php(44): require_once('D:\\COMISSION\\kurt2.0\\public\\index.php')
DEBUG - 2025-11-24 08:02:16 --> Session: Class initialized using 'CodeIgniter\Session\Handlers\FileHandler' driver.
DEBUG - 2025-11-24 08:02:17 --> Session: Class initialized using 'CodeIgniter\Session\Handlers\FileHandler' driver.
DEBUG - 2025-11-24 08:02:23 --> Session: Class initialized using 'CodeIgniter\Session\Handlers\FileHandler' driver.
DEBUG - 2025-11-24 08:02:35 --> Session: Class initialized using 'CodeIgniter\Session\Handlers\FileHandler' driver.
DEBUG - 2025-11-24 08:02:42 --> Session: Class initialized using 'CodeIgniter\Session\Handlers\FileHandler' driver.
DEBUG - 2025-11-24 08:02:47 --> Session: Class initialized using 'CodeIgniter\Session\Handlers\FileHandler' driver.
DEBUG - 2025-11-24 08:02:48 --> Session: Class initialized using 'CodeIgniter\Session\Handlers\FileHandler' driver.
DEBUG - 2025-11-24 08:02:51 --> Session: Class initialized using 'CodeIgniter\Session\Handlers\FileHandler' driver.
DEBUG - 2025-11-24 08:02:55 --> Session: Class initialized using 'CodeIgniter\Session\Handlers\FileHandler' driver.
DEBUG - 2025-11-24 08:02:59 --> Session: Class initialized using 'CodeIgniter\Session\Handlers\FileHandler' driver.
CRITICAL - 2025-11-24 08:03:05 --> ErrorException: Undefined variable $message
[Method: GET, Route: admin/exportReservations]
in APPPATH\Views\errors\html\error_404.php on line 77.
 1 APPPATH\Views\errors\html\error_404.php(77): CodeIgniter\Debug\Exceptions->errorHandler(2, 'Undefined variable $message', 'D:\\COMISSION\\kurt2.0\\app\\Views\\errors\\html\\error_404.php', 77)
 2 SYSTEMPATH\View\View.php(226): include('D:\\COMISSION\\kurt2.0\\app\\Views\\errors\\html\\error_404.php')
 3 SYSTEMPATH\View\View.php(229): CodeIgniter\View\View->CodeIgniter\View\{closure}()
 4 SYSTEMPATH\Common.php(1167): CodeIgniter\View\View->render('errors/html/error_404', [], true)
 5 APPPATH\Config\Routes.php(87): view('errors/html/error_404')
 6 SYSTEMPATH\CodeIgniter.php(875): CodeIgniter\Router\RouteCollection->{closure}('admin/exportReservations')
 7 SYSTEMPATH\CodeIgniter.php(494): CodeIgniter\CodeIgniter->startController()
 8 SYSTEMPATH\CodeIgniter.php(354): CodeIgniter\CodeIgniter->handleRequest(null, Object(Config\Cache), false)
 9 SYSTEMPATH\Boot.php(363): CodeIgniter\CodeIgniter->run()
10 SYSTEMPATH\Boot.php(68): CodeIgniter\Boot::runCodeIgniter(Object(CodeIgniter\CodeIgniter))
11 FCPATH\index.php(59): CodeIgniter\Boot::bootWeb(Object(Config\Paths))
12 SYSTEMPATH\rewrite.php(44): require_once('D:\\COMISSION\\kurt2.0\\public\\index.php')
DEBUG - 2025-11-24 08:03:12 --> Session: Class initialized using 'CodeIgniter\Session\Handlers\FileHandler' driver.
DEBUG - 2025-11-24 11:54:56 --> Session: Class initialized using 'CodeIgniter\Session\Handlers\FileHandler' driver.
DEBUG - 2025-11-24 11:55:05 --> Session: Class initialized using 'CodeIgniter\Session\Handlers\FileHandler' driver.
DEBUG - 2025-11-24 11:55:06 --> Session: Class initialized using 'CodeIgniter\Session\Handlers\FileHandler' driver.
DEBUG - 2025-11-24 11:55:07 --> Session: Class initialized using 'CodeIgniter\Session\Handlers\FileHandler' driver.
DEBUG - 2025-11-24 11:55:16 --> Session: Class initialized using 'CodeIgniter\Session\Handlers\FileHandler' driver.
DEBUG - 2025-11-24 11:55:21 --> Session: Class initialized using 'CodeIgniter\Session\Handlers\FileHandler' driver.
DEBUG - 2025-11-24 11:55:42 --> Session: Class initialized using 'CodeIgniter\Session\Handlers\FileHandler' driver.
DEBUG - 2025-11-24 11:55:46 --> Session: Class initialized using 'CodeIgniter\Session\Handlers\FileHandler' driver.
DEBUG - 2025-11-24 11:55:49 --> Session: Class initialized using 'CodeIgniter\Session\Handlers\FileHandler' driver.
DEBUG - 2025-11-24 11:55:53 --> Session: Class initialized using 'CodeIgniter\Session\Handlers\FileHandler' driver.
DEBUG - 2025-11-24 11:55:56 --> Session: Class initialized using 'CodeIgniter\Session\Handlers\FileHandler' driver.
DEBUG - 2025-11-24 11:56:00 --> Session: Class initialized using 'CodeIgniter\Session\Handlers\FileHandler' driver.
DEBUG - 2025-11-24 11:56:56 --> Session: Class initialized using 'CodeIgniter\Session\Handlers\FileHandler' driver.
DEBUG - 2025-11-24 11:57:43 --> Session: Class initialized using 'CodeIgniter\Session\Handlers\FileHandler' driver.
DEBUG - 2025-11-24 11:58:11 --> Session: Class initialized using 'CodeIgniter\Session\Handlers\FileHandler' driver.
DEBUG - 2025-11-24 12:06:48 --> Session: Class initialized using 'CodeIgniter\Session\Handlers\FileHandler' driver.
DEBUG - 2025-11-24 12:06:49 --> Session: Class initialized using 'CodeIgniter\Session\Handlers\FileHandler' driver.
DEBUG - 2025-11-24 12:07:10 --> Session: Class initialized using 'CodeIgniter\Session\Handlers\FileHandler' driver.
DEBUG - 2025-11-24 12:07:17 --> Session: Class initialized using 'CodeIgniter\Session\Handlers\FileHandler' driver.
DEBUG - 2025-11-24 12:59:48 --> Session: Class initialized using 'CodeIgniter\Session\Handlers\FileHandler' driver.
DEBUG - 2025-11-24 13:00:00 --> Session: Class initialized using 'CodeIgniter\Session\Handlers\FileHandler' driver.
DEBUG - 2025-11-24 13:00:00 --> Session: Class initialized using 'CodeIgniter\Session\Handlers\FileHandler' driver.
DEBUG - 2025-11-24 13:00:01 --> Session: Class initialized using 'CodeIgniter\Session\Handlers\FileHandler' driver.
DEBUG - 2025-11-24 13:00:04 --> Session: Class initialized using 'CodeIgniter\Session\Handlers\FileHandler' driver.
DEBUG - 2025-11-24 13:00:37 --> Session: Class initialized using 'CodeIgniter\Session\Handlers\FileHandler' driver.
DEBUG - 2025-11-24 13:00:38 --> Session: Class initialized using 'CodeIgniter\Session\Handlers\FileHandler' driver.
DEBUG - 2025-11-24 13:00:42 --> Session: Class initialized using 'CodeIgniter\Session\Handlers\FileHandler' driver.
DEBUG - 2025-11-24 13:00:44 --> Session: Class initialized using 'CodeIgniter\Session\Handlers\FileHandler' driver.
DEBUG - 2025-11-24 13:00:45 --> Session: Class initialized using 'CodeIgniter\Session\Handlers\FileHandler' driver.
DEBUG - 2025-11-24 13:00:46 --> Session: Class initialized using 'CodeIgniter\Session\Handlers\FileHandler' driver.
DEBUG - 2025-11-24 13:00:50 --> Session: Class initialized using 'CodeIgniter\Session\Handlers\FileHandler' driver.
DEBUG - 2025-11-24 13:01:47 --> Session: Class initialized using 'CodeIgniter\Session\Handlers\FileHandler' driver.
DEBUG - 2025-11-24 13:02:22 --> Session: Class initialized using 'CodeIgniter\Session\Handlers\FileHandler' driver.
DEBUG - 2025-11-24 13:02:49 --> Session: Class initialized using 'CodeIgniter\Session\Handlers\FileHandler' driver.
DEBUG - 2025-11-24 13:02:49 --> Session: Class initialized using 'CodeIgniter\Session\Handlers\FileHandler' driver.
DEBUG - 2025-11-24 13:02:54 --> Session: Class initialized using 'CodeIgniter\Session\Handlers\FileHandler' driver.
DEBUG - 2025-11-24 13:04:24 --> Session: Class initialized using 'CodeIgniter\Session\Handlers\FileHandler' driver.
CRITICAL - 2025-11-24 13:04:24 --> Error: Call to undefined method CodeIgniter\View\View::calculateRevenueChange()
[Method: GET, Route: admin/reports]
in APPPATH\Views\admin\reports.php on line 46.
 1 SYSTEMPATH\View\View.php(226): include()
 2 SYSTEMPATH\View\View.php(229): CodeIgniter\View\View->CodeIgniter\View\{closure}()
 3 SYSTEMPATH\Common.php(1167): CodeIgniter\View\View->render('admin/reports', [], true)
 4 APPPATH\Controllers\Admin.php(850): view('admin/reports', [...])
 5 SYSTEMPATH\CodeIgniter.php(933): App\Controllers\Admin->reports()
 6 SYSTEMPATH\CodeIgniter.php(507): CodeIgniter\CodeIgniter->runController(Object(App\Controllers\Admin))
 7 SYSTEMPATH\CodeIgniter.php(354): CodeIgniter\CodeIgniter->handleRequest(null, Object(Config\Cache), false)
 8 SYSTEMPATH\Boot.php(363): CodeIgniter\CodeIgniter->run()
 9 SYSTEMPATH\Boot.php(68): CodeIgniter\Boot::runCodeIgniter(Object(CodeIgniter\CodeIgniter))
10 FCPATH\index.php(59): CodeIgniter\Boot::bootWeb(Object(Config\Paths))
11 SYSTEMPATH\rewrite.php(44): require_once('D:\\COMISSION\\kurt2.0\\public\\index.php')
DEBUG - 2025-11-24 13:04:56 --> Session: Class initialized using 'CodeIgniter\Session\Handlers\FileHandler' driver.
CRITICAL - 2025-11-24 13:04:56 --> Error: Call to undefined method CodeIgniter\View\View::calculateRevenueChange()
[Method: GET, Route: admin/reports]
in APPPATH\Views\admin\reports.php on line 46.
 1 SYSTEMPATH\View\View.php(226): include()
 2 SYSTEMPATH\View\View.php(229): CodeIgniter\View\View->CodeIgniter\View\{closure}()
 3 SYSTEMPATH\Common.php(1167): CodeIgniter\View\View->render('admin/reports', [], true)
 4 APPPATH\Controllers\Admin.php(850): view('admin/reports', [...])
 5 SYSTEMPATH\CodeIgniter.php(933): App\Controllers\Admin->reports()
 6 SYSTEMPATH\CodeIgniter.php(507): CodeIgniter\CodeIgniter->runController(Object(App\Controllers\Admin))
 7 SYSTEMPATH\CodeIgniter.php(354): CodeIgniter\CodeIgniter->handleRequest(null, Object(Config\Cache), false)
 8 SYSTEMPATH\Boot.php(363): CodeIgniter\CodeIgniter->run()
 9 SYSTEMPATH\Boot.php(68): CodeIgniter\Boot::runCodeIgniter(Object(CodeIgniter\CodeIgniter))
10 FCPATH\index.php(59): CodeIgniter\Boot::bootWeb(Object(Config\Paths))
11 SYSTEMPATH\rewrite.php(44): require_once('D:\\COMISSION\\kurt2.0\\public\\index.php')
DEBUG - 2025-11-24 13:05:47 --> Session: Class initialized using 'CodeIgniter\Session\Handlers\FileHandler' driver.
CRITICAL - 2025-11-24 13:05:47 --> Error: Call to undefined method CodeIgniter\View\View::calculateRevenueChange()
[Method: GET, Route: admin/reports]
in APPPATH\Views\admin\reports.php on line 46.
 1 SYSTEMPATH\View\View.php(226): include()
 2 SYSTEMPATH\View\View.php(229): CodeIgniter\View\View->CodeIgniter\View\{closure}()
 3 SYSTEMPATH\Common.php(1167): CodeIgniter\View\View->render('admin/reports', [], true)
 4 APPPATH\Controllers\Admin.php(850): view('admin/reports', [...])
 5 SYSTEMPATH\CodeIgniter.php(933): App\Controllers\Admin->reports()
 6 SYSTEMPATH\CodeIgniter.php(507): CodeIgniter\CodeIgniter->runController(Object(App\Controllers\Admin))
 7 SYSTEMPATH\CodeIgniter.php(354): CodeIgniter\CodeIgniter->handleRequest(null, Object(Config\Cache), false)
 8 SYSTEMPATH\Boot.php(363): CodeIgniter\CodeIgniter->run()
 9 SYSTEMPATH\Boot.php(68): CodeIgniter\Boot::runCodeIgniter(Object(CodeIgniter\CodeIgniter))
10 FCPATH\index.php(59): CodeIgniter\Boot::bootWeb(Object(Config\Paths))
11 SYSTEMPATH\rewrite.php(44): require_once('D:\\COMISSION\\kurt2.0\\public\\index.php')
DEBUG - 2025-11-24 13:06:56 --> Session: Class initialized using 'CodeIgniter\Session\Handlers\FileHandler' driver.
CRITICAL - 2025-11-24 13:06:56 --> Error: Call to undefined method CodeIgniter\View\View::calculateRevenueChange()
[Method: GET, Route: admin/reports]
in APPPATH\Views\admin\reports.php on line 46.
 1 SYSTEMPATH\View\View.php(226): include()
 2 SYSTEMPATH\View\View.php(229): CodeIgniter\View\View->CodeIgniter\View\{closure}()
 3 SYSTEMPATH\Common.php(1167): CodeIgniter\View\View->render('admin/reports', [], true)
 4 APPPATH\Controllers\Admin.php(850): view('admin/reports', [...])
 5 SYSTEMPATH\CodeIgniter.php(933): App\Controllers\Admin->reports()
 6 SYSTEMPATH\CodeIgniter.php(507): CodeIgniter\CodeIgniter->runController(Object(App\Controllers\Admin))
 7 SYSTEMPATH\CodeIgniter.php(354): CodeIgniter\CodeIgniter->handleRequest(null, Object(Config\Cache), false)
 8 SYSTEMPATH\Boot.php(363): CodeIgniter\CodeIgniter->run()
 9 SYSTEMPATH\Boot.php(68): CodeIgniter\Boot::runCodeIgniter(Object(CodeIgniter\CodeIgniter))
10 FCPATH\index.php(59): CodeIgniter\Boot::bootWeb(Object(Config\Paths))
11 SYSTEMPATH\rewrite.php(44): require_once('D:\\COMISSION\\kurt2.0\\public\\index.php')
DEBUG - 2025-11-24 13:07:51 --> Session: Class initialized using 'CodeIgniter\Session\Handlers\FileHandler' driver.
CRITICAL - 2025-11-24 13:07:51 --> Error: Call to undefined method CodeIgniter\View\View::calculateRevenueChange()
[Method: GET, Route: admin/reports]
in APPPATH\Views\admin\reports.php on line 46.
 1 SYSTEMPATH\View\View.php(226): include()
 2 SYSTEMPATH\View\View.php(229): CodeIgniter\View\View->CodeIgniter\View\{closure}()
 3 SYSTEMPATH\Common.php(1167): CodeIgniter\View\View->render('admin/reports', [], true)
 4 APPPATH\Controllers\Admin.php(853): view('admin/reports', [...])
 5 SYSTEMPATH\CodeIgniter.php(933): App\Controllers\Admin->reports()
 6 SYSTEMPATH\CodeIgniter.php(507): CodeIgniter\CodeIgniter->runController(Object(App\Controllers\Admin))
 7 SYSTEMPATH\CodeIgniter.php(354): CodeIgniter\CodeIgniter->handleRequest(null, Object(Config\Cache), false)
 8 SYSTEMPATH\Boot.php(363): CodeIgniter\CodeIgniter->run()
 9 SYSTEMPATH\Boot.php(68): CodeIgniter\Boot::runCodeIgniter(Object(CodeIgniter\CodeIgniter))
10 FCPATH\index.php(59): CodeIgniter\Boot::bootWeb(Object(Config\Paths))
11 SYSTEMPATH\rewrite.php(44): require_once('D:\\COMISSION\\kurt2.0\\public\\index.php')
DEBUG - 2025-11-24 13:08:15 --> Session: Class initialized using 'CodeIgniter\Session\Handlers\FileHandler' driver.
DEBUG - 2025-11-24 13:08:16 --> Session: Class initialized using 'CodeIgniter\Session\Handlers\FileHandler' driver.
DEBUG - 2025-11-24 13:08:26 --> Session: Class initialized using 'CodeIgniter\Session\Handlers\FileHandler' driver.
DEBUG - 2025-11-24 13:08:29 --> Session: Class initialized using 'CodeIgniter\Session\Handlers\FileHandler' driver.
DEBUG - 2025-11-24 13:09:42 --> Session: Class initialized using 'CodeIgniter\Session\Handlers\FileHandler' driver.
DEBUG - 2025-11-24 13:09:43 --> Session: Class initialized using 'CodeIgniter\Session\Handlers\FileHandler' driver.
DEBUG - 2025-11-24 13:09:54 --> Session: Class initialized using 'CodeIgniter\Session\Handlers\FileHandler' driver.
DEBUG - 2025-11-24 13:09:55 --> Session: Class initialized using 'CodeIgniter\Session\Handlers\FileHandler' driver.
DEBUG - 2025-11-24 13:12:18 --> Session: Class initialized using 'CodeIgniter\Session\Handlers\FileHandler' driver.
DEBUG - 2025-11-24 13:12:19 --> Session: Class initialized using 'CodeIgniter\Session\Handlers\FileHandler' driver.
DEBUG - 2025-11-24 13:14:31 --> Session: Class initialized using 'CodeIgniter\Session\Handlers\FileHandler' driver.
DEBUG - 2025-11-24 13:14:32 --> Session: Class initialized using 'CodeIgniter\Session\Handlers\FileHandler' driver.
DEBUG - 2025-11-24 13:16:56 --> Session: Class initialized using 'CodeIgniter\Session\Handlers\FileHandler' driver.
DEBUG - 2025-11-24 13:16:58 --> Session: Class initialized using 'CodeIgniter\Session\Handlers\FileHandler' driver.
DEBUG - 2025-11-24 13:18:02 --> Session: Class initialized using 'CodeIgniter\Session\Handlers\FileHandler' driver.
DEBUG - 2025-11-24 13:18:03 --> Session: Class initialized using 'CodeIgniter\Session\Handlers\FileHandler' driver.
DEBUG - 2025-11-24 13:18:27 --> Session: Class initialized using 'CodeIgniter\Session\Handlers\FileHandler' driver.
DEBUG - 2025-11-24 13:18:35 --> Session: Class initialized using 'CodeIgniter\Session\Handlers\FileHandler' driver.
DEBUG - 2025-11-24 13:18:37 --> Session: Class initialized using 'CodeIgniter\Session\Handlers\FileHandler' driver.
DEBUG - 2025-11-24 13:18:39 --> Session: Class initialized using 'CodeIgniter\Session\Handlers\FileHandler' driver.
DEBUG - 2025-11-24 13:20:14 --> Session: Class initialized using 'CodeIgniter\Session\Handlers\FileHandler' driver.
DEBUG - 2025-11-24 13:20:15 --> Session: Class initialized using 'CodeIgniter\Session\Handlers\FileHandler' driver.
DEBUG - 2025-11-24 13:20:19 --> Session: Class initialized using 'CodeIgniter\Session\Handlers\FileHandler' driver.
DEBUG - 2025-11-24 13:20:20 --> Session: Class initialized using 'CodeIgniter\Session\Handlers\FileHandler' driver.
DEBUG - 2025-11-24 13:20:23 --> Session: Class initialized using 'CodeIgniter\Session\Handlers\FileHandler' driver.
DEBUG - 2025-11-24 13:20:24 --> Session: Class initialized using 'CodeIgniter\Session\Handlers\FileHandler' driver.
DEBUG - 2025-11-24 13:20:28 --> Session: Class initialized using 'CodeIgniter\Session\Handlers\FileHandler' driver.
DEBUG - 2025-11-24 13:20:28 --> Session: Class initialized using 'CodeIgniter\Session\Handlers\FileHandler' driver.
DEBUG - 2025-11-24 13:20:37 --> Session: Class initialized using 'CodeIgniter\Session\Handlers\FileHandler' driver.
DEBUG - 2025-11-24 13:20:38 --> Session: Class initialized using 'CodeIgniter\Session\Handlers\FileHandler' driver.
DEBUG - 2025-11-24 13:20:56 --> Session: Class initialized using 'CodeIgniter\Session\Handlers\FileHandler' driver.
DEBUG - 2025-11-24 13:21:33 --> Session: Class initialized using 'CodeIgniter\Session\Handlers\FileHandler' driver.
DEBUG - 2025-11-24 13:21:34 --> Session: Class initialized using 'CodeIgniter\Session\Handlers\FileHandler' driver.
DEBUG - 2025-11-24 13:26:37 --> Session: Class initialized using 'CodeIgniter\Session\Handlers\FileHandler' driver.
DEBUG - 2025-11-24 13:26:38 --> Session: Class initialized using 'CodeIgniter\Session\Handlers\FileHandler' driver.
CRITICAL - 2025-11-24 13:26:43 --> ErrorException: Undefined variable $message
[Method: GET, Route: admin/printReport]
in APPPATH\Views\errors\html\error_404.php on line 77.
 1 APPPATH\Views\errors\html\error_404.php(77): CodeIgniter\Debug\Exceptions->errorHandler(2, 'Undefined variable $message', 'D:\\COMISSION\\kurt2.0\\app\\Views\\errors\\html\\error_404.php', 77)
 2 SYSTEMPATH\View\View.php(226): include('D:\\COMISSION\\kurt2.0\\app\\Views\\errors\\html\\error_404.php')
 3 SYSTEMPATH\View\View.php(229): CodeIgniter\View\View->CodeIgniter\View\{closure}()
 4 SYSTEMPATH\Common.php(1167): CodeIgniter\View\View->render('errors/html/error_404', [], true)
 5 APPPATH\Config\Routes.php(87): view('errors/html/error_404')
 6 SYSTEMPATH\CodeIgniter.php(875): CodeIgniter\Router\RouteCollection->{closure}('admin/printReport')
 7 SYSTEMPATH\CodeIgniter.php(494): CodeIgniter\CodeIgniter->startController()
 8 SYSTEMPATH\CodeIgniter.php(354): CodeIgniter\CodeIgniter->handleRequest(null, Object(Config\Cache), false)
 9 SYSTEMPATH\Boot.php(363): CodeIgniter\CodeIgniter->run()
10 SYSTEMPATH\Boot.php(68): CodeIgniter\Boot::runCodeIgniter(Object(CodeIgniter\CodeIgniter))
11 FCPATH\index.php(59): CodeIgniter\Boot::bootWeb(Object(Config\Paths))
12 SYSTEMPATH\rewrite.php(44): require_once('D:\\COMISSION\\kurt2.0\\public\\index.php')
DEBUG - 2025-11-24 13:27:09 --> Session: Class initialized using 'CodeIgniter\Session\Handlers\FileHandler' driver.
DEBUG - 2025-11-24 13:27:10 --> Session: Class initialized using 'CodeIgniter\Session\Handlers\FileHandler' driver.
DEBUG - 2025-11-24 13:27:36 --> Session: Class initialized using 'CodeIgniter\Session\Handlers\FileHandler' driver.
DEBUG - 2025-11-24 13:27:36 --> Session: Class initialized using 'CodeIgniter\Session\Handlers\FileHandler' driver.
DEBUG - 2025-11-24 13:27:49 --> Session: Class initialized using 'CodeIgniter\Session\Handlers\FileHandler' driver.
DEBUG - 2025-11-24 13:27:50 --> Session: Class initialized using 'CodeIgniter\Session\Handlers\FileHandler' driver.
DEBUG - 2025-11-24 13:28:03 --> Session: Class initialized using 'CodeIgniter\Session\Handlers\FileHandler' driver.
DEBUG - 2025-11-24 13:28:04 --> Session: Class initialized using 'CodeIgniter\Session\Handlers\FileHandler' driver.
DEBUG - 2025-11-24 13:42:46 --> Session: Class initialized using 'CodeIgniter\Session\Handlers\FileHandler' driver.
DEBUG - 2025-11-24 13:42:53 --> Session: Class initialized using 'CodeIgniter\Session\Handlers\FileHandler' driver.
CRITICAL - 2025-11-24 13:46:51 --> ErrorException: Undefined variable $message
[Method: GET, Route: admin/printReport]
in APPPATH\Views\errors\html\error_404.php on line 77.
 1 APPPATH\Views\errors\html\error_404.php(77): CodeIgniter\Debug\Exceptions->errorHandler(2, 'Undefined variable $message', 'D:\\COMISSION\\kurt2.0\\app\\Views\\errors\\html\\error_404.php', 77)
 2 SYSTEMPATH\View\View.php(226): include('D:\\COMISSION\\kurt2.0\\app\\Views\\errors\\html\\error_404.php')
 3 SYSTEMPATH\View\View.php(229): CodeIgniter\View\View->CodeIgniter\View\{closure}()
 4 SYSTEMPATH\Common.php(1167): CodeIgniter\View\View->render('errors/html/error_404', [], true)
 5 APPPATH\Config\Routes.php(87): view('errors/html/error_404')
 6 SYSTEMPATH\CodeIgniter.php(875): CodeIgniter\Router\RouteCollection->{closure}('admin/printReport')
 7 SYSTEMPATH\CodeIgniter.php(494): CodeIgniter\CodeIgniter->startController()
 8 SYSTEMPATH\CodeIgniter.php(354): CodeIgniter\CodeIgniter->handleRequest(null, Object(Config\Cache), false)
 9 SYSTEMPATH\Boot.php(363): CodeIgniter\CodeIgniter->run()
10 SYSTEMPATH\Boot.php(68): CodeIgniter\Boot::runCodeIgniter(Object(CodeIgniter\CodeIgniter))
11 FCPATH\index.php(59): CodeIgniter\Boot::bootWeb(Object(Config\Paths))
12 SYSTEMPATH\rewrite.php(44): require_once('D:\\COMISSION\\kurt2.0\\public\\index.php')
CRITICAL - 2025-11-24 13:47:09 --> ErrorException: Undefined variable $message
[Method: GET, Route: admin/printReport]
in APPPATH\Views\errors\html\error_404.php on line 77.
 1 APPPATH\Views\errors\html\error_404.php(77): CodeIgniter\Debug\Exceptions->errorHandler(2, 'Undefined variable $message', 'D:\\COMISSION\\kurt2.0\\app\\Views\\errors\\html\\error_404.php', 77)
 2 SYSTEMPATH\View\View.php(226): include('D:\\COMISSION\\kurt2.0\\app\\Views\\errors\\html\\error_404.php')
 3 SYSTEMPATH\View\View.php(229): CodeIgniter\View\View->CodeIgniter\View\{closure}()
 4 SYSTEMPATH\Common.php(1167): CodeIgniter\View\View->render('errors/html/error_404', [], true)
 5 APPPATH\Config\Routes.php(87): view('errors/html/error_404')
 6 SYSTEMPATH\CodeIgniter.php(875): CodeIgniter\Router\RouteCollection->{closure}('admin/printReport')
 7 SYSTEMPATH\CodeIgniter.php(494): CodeIgniter\CodeIgniter->startController()
 8 SYSTEMPATH\CodeIgniter.php(354): CodeIgniter\CodeIgniter->handleRequest(null, Object(Config\Cache), false)
 9 SYSTEMPATH\Boot.php(363): CodeIgniter\CodeIgniter->run()
10 SYSTEMPATH\Boot.php(68): CodeIgniter\Boot::runCodeIgniter(Object(CodeIgniter\CodeIgniter))
11 FCPATH\index.php(59): CodeIgniter\Boot::bootWeb(Object(Config\Paths))
12 SYSTEMPATH\rewrite.php(44): require_once('D:\\COMISSION\\kurt2.0\\public\\index.php')
DEBUG - 2025-11-24 13:48:38 --> Session: Class initialized using 'CodeIgniter\Session\Handlers\FileHandler' driver.
DEBUG - 2025-11-24 13:48:39 --> Session: Class initialized using 'CodeIgniter\Session\Handlers\FileHandler' driver.
CRITICAL - 2025-11-24 13:48:41 --> ErrorException: Undefined variable $message
[Method: GET, Route: admin/printReport]
in APPPATH\Views\errors\html\error_404.php on line 77.
 1 APPPATH\Views\errors\html\error_404.php(77): CodeIgniter\Debug\Exceptions->errorHandler(2, 'Undefined variable $message', 'D:\\COMISSION\\kurt2.0\\app\\Views\\errors\\html\\error_404.php', 77)
 2 SYSTEMPATH\View\View.php(226): include('D:\\COMISSION\\kurt2.0\\app\\Views\\errors\\html\\error_404.php')
 3 SYSTEMPATH\View\View.php(229): CodeIgniter\View\View->CodeIgniter\View\{closure}()
 4 SYSTEMPATH\Common.php(1167): CodeIgniter\View\View->render('errors/html/error_404', [], true)
 5 APPPATH\Config\Routes.php(88): view('errors/html/error_404')
 6 SYSTEMPATH\CodeIgniter.php(875): CodeIgniter\Router\RouteCollection->{closure}('admin/printReport')
 7 SYSTEMPATH\CodeIgniter.php(494): CodeIgniter\CodeIgniter->startController()
 8 SYSTEMPATH\CodeIgniter.php(354): CodeIgniter\CodeIgniter->handleRequest(null, Object(Config\Cache), false)
 9 SYSTEMPATH\Boot.php(363): CodeIgniter\CodeIgniter->run()
10 SYSTEMPATH\Boot.php(68): CodeIgniter\Boot::runCodeIgniter(Object(CodeIgniter\CodeIgniter))
11 FCPATH\index.php(59): CodeIgniter\Boot::bootWeb(Object(Config\Paths))
12 SYSTEMPATH\rewrite.php(44): require_once('D:\\COMISSION\\kurt2.0\\public\\index.php')
DEBUG - 2025-11-24 13:48:44 --> Session: Class initialized using 'CodeIgniter\Session\Handlers\FileHandler' driver.
CRITICAL - 2025-11-24 13:48:45 --> CodeIgniter\View\Exceptions\ViewException: Invalid file: "admin/print_reports/car_management_report.php"
[Method: GET, Route: admin/printCarManagementReport]
in SYSTEMPATH\Exceptions\FrameworkException.php on line 39.
 1 SYSTEMPATH\View\View.php(214): CodeIgniter\Exceptions\FrameworkException::forInvalidFile('admin/print_reports/car_management_report.php')
 2 SYSTEMPATH\Common.php(1167): CodeIgniter\View\View->render('admin/print_reports/car_management_report', [], true)
 3 APPPATH\Controllers\Admin.php(1016): view('admin/print_reports/car_management_report', [...])
 4 SYSTEMPATH\CodeIgniter.php(933): App\Controllers\Admin->printCarManagementReport()
 5 SYSTEMPATH\CodeIgniter.php(507): CodeIgniter\CodeIgniter->runController(Object(App\Controllers\Admin))
 6 SYSTEMPATH\CodeIgniter.php(354): CodeIgniter\CodeIgniter->handleRequest(null, Object(Config\Cache), false)
 7 SYSTEMPATH\Boot.php(363): CodeIgniter\CodeIgniter->run()
 8 SYSTEMPATH\Boot.php(68): CodeIgniter\Boot::runCodeIgniter(Object(CodeIgniter\CodeIgniter))
 9 FCPATH\index.php(59): CodeIgniter\Boot::bootWeb(Object(Config\Paths))
10 SYSTEMPATH\rewrite.php(44): require_once('D:\\COMISSION\\kurt2.0\\public\\index.php')
CRITICAL - 2025-11-24 13:48:50 --> ErrorException: Undefined variable $message
[Method: GET, Route: admin/printReport]
in APPPATH\Views\errors\html\error_404.php on line 77.
 1 APPPATH\Views\errors\html\error_404.php(77): CodeIgniter\Debug\Exceptions->errorHandler(2, 'Undefined variable $message', 'D:\\COMISSION\\kurt2.0\\app\\Views\\errors\\html\\error_404.php', 77)
 2 SYSTEMPATH\View\View.php(226): include('D:\\COMISSION\\kurt2.0\\app\\Views\\errors\\html\\error_404.php')
 3 SYSTEMPATH\View\View.php(229): CodeIgniter\View\View->CodeIgniter\View\{closure}()
 4 SYSTEMPATH\Common.php(1167): CodeIgniter\View\View->render('errors/html/error_404', [], true)
 5 APPPATH\Config\Routes.php(88): view('errors/html/error_404')
 6 SYSTEMPATH\CodeIgniter.php(875): CodeIgniter\Router\RouteCollection->{closure}('admin/printReport')
 7 SYSTEMPATH\CodeIgniter.php(494): CodeIgniter\CodeIgniter->startController()
 8 SYSTEMPATH\CodeIgniter.php(354): CodeIgniter\CodeIgniter->handleRequest(null, Object(Config\Cache), false)
 9 SYSTEMPATH\Boot.php(363): CodeIgniter\CodeIgniter->run()
10 SYSTEMPATH\Boot.php(68): CodeIgniter\Boot::runCodeIgniter(Object(CodeIgniter\CodeIgniter))
11 FCPATH\index.php(59): CodeIgniter\Boot::bootWeb(Object(Config\Paths))
12 SYSTEMPATH\rewrite.php(44): require_once('D:\\COMISSION\\kurt2.0\\public\\index.php')
DEBUG - 2025-11-24 13:48:54 --> Session: Class initialized using 'CodeIgniter\Session\Handlers\FileHandler' driver.
CRITICAL - 2025-11-24 13:48:54 --> CodeIgniter\View\Exceptions\ViewException: Invalid file: "admin/print_reports/car_management_report.php"
[Method: GET, Route: admin/printCarManagementReport]
in SYSTEMPATH\Exceptions\FrameworkException.php on line 39.
 1 SYSTEMPATH\View\View.php(214): CodeIgniter\Exceptions\FrameworkException::forInvalidFile('admin/print_reports/car_management_report.php')
 2 SYSTEMPATH\Common.php(1167): CodeIgniter\View\View->render('admin/print_reports/car_management_report', [], true)
 3 APPPATH\Controllers\Admin.php(1016): view('admin/print_reports/car_management_report', [...])
 4 SYSTEMPATH\CodeIgniter.php(933): App\Controllers\Admin->printCarManagementReport()
 5 SYSTEMPATH\CodeIgniter.php(507): CodeIgniter\CodeIgniter->runController(Object(App\Controllers\Admin))
 6 SYSTEMPATH\CodeIgniter.php(354): CodeIgniter\CodeIgniter->handleRequest(null, Object(Config\Cache), false)
 7 SYSTEMPATH\Boot.php(363): CodeIgniter\CodeIgniter->run()
 8 SYSTEMPATH\Boot.php(68): CodeIgniter\Boot::runCodeIgniter(Object(CodeIgniter\CodeIgniter))
 9 FCPATH\index.php(59): CodeIgniter\Boot::bootWeb(Object(Config\Paths))
10 SYSTEMPATH\rewrite.php(44): require_once('D:\\COMISSION\\kurt2.0\\public\\index.php')
DEBUG - 2025-11-24 13:50:01 --> Session: Class initialized using 'CodeIgniter\Session\Handlers\FileHandler' driver.
DEBUG - 2025-11-24 13:50:02 --> Session: Class initialized using 'CodeIgniter\Session\Handlers\FileHandler' driver.
DEBUG - 2025-11-24 13:50:03 --> Session: Class initialized using 'CodeIgniter\Session\Handlers\FileHandler' driver.
CRITICAL - 2025-11-24 13:50:03 --> CodeIgniter\View\Exceptions\ViewException: Invalid file: "admin/print_reports/car_management_report.php"
[Method: GET, Route: admin/printCarManagementReport]
in SYSTEMPATH\Exceptions\FrameworkException.php on line 39.
 1 SYSTEMPATH\View\View.php(214): CodeIgniter\Exceptions\FrameworkException::forInvalidFile('admin/print_reports/car_management_report.php')
 2 SYSTEMPATH\Common.php(1167): CodeIgniter\View\View->render('admin/print_reports/car_management_report', [], true)
 3 APPPATH\Controllers\Admin.php(1016): view('admin/print_reports/car_management_report', [...])
 4 SYSTEMPATH\CodeIgniter.php(933): App\Controllers\Admin->printCarManagementReport()
 5 SYSTEMPATH\CodeIgniter.php(507): CodeIgniter\CodeIgniter->runController(Object(App\Controllers\Admin))
 6 SYSTEMPATH\CodeIgniter.php(354): CodeIgniter\CodeIgniter->handleRequest(null, Object(Config\Cache), false)
 7 SYSTEMPATH\Boot.php(363): CodeIgniter\CodeIgniter->run()
 8 SYSTEMPATH\Boot.php(68): CodeIgniter\Boot::runCodeIgniter(Object(CodeIgniter\CodeIgniter))
 9 FCPATH\index.php(59): CodeIgniter\Boot::bootWeb(Object(Config\Paths))
10 SYSTEMPATH\rewrite.php(44): require_once('D:\\COMISSION\\kurt2.0\\public\\index.php')
DEBUG - 2025-11-24 13:50:27 --> Session: Class initialized using 'CodeIgniter\Session\Handlers\FileHandler' driver.
DEBUG - 2025-11-24 13:50:28 --> Session: Class initialized using 'CodeIgniter\Session\Handlers\FileHandler' driver.
DEBUG - 2025-11-24 13:50:30 --> Session: Class initialized using 'CodeIgniter\Session\Handlers\FileHandler' driver.
DEBUG - 2025-11-24 13:51:08 --> Session: Class initialized using 'CodeIgniter\Session\Handlers\FileHandler' driver.
DEBUG - 2025-11-24 13:51:31 --> Session: Class initialized using 'CodeIgniter\Session\Handlers\FileHandler' driver.
DEBUG - 2025-11-24 13:55:17 --> Session: Class initialized using 'CodeIgniter\Session\Handlers\FileHandler' driver.
DEBUG - 2025-11-24 13:55:18 --> Session: Class initialized using 'CodeIgniter\Session\Handlers\FileHandler' driver.
CRITICAL - 2025-11-24 13:55:20 --> ErrorException: Undefined variable $message
[Method: GET, Route: admin/printReport]
in APPPATH\Views\errors\html\error_404.php on line 77.
 1 APPPATH\Views\errors\html\error_404.php(77): CodeIgniter\Debug\Exceptions->errorHandler(2, 'Undefined variable $message', 'D:\\COMISSION\\kurt2.0\\app\\Views\\errors\\html\\error_404.php', 77)
 2 SYSTEMPATH\View\View.php(226): include('D:\\COMISSION\\kurt2.0\\app\\Views\\errors\\html\\error_404.php')
 3 SYSTEMPATH\View\View.php(229): CodeIgniter\View\View->CodeIgniter\View\{closure}()
 4 SYSTEMPATH\Common.php(1167): CodeIgniter\View\View->render('errors/html/error_404', [], true)
 5 APPPATH\Config\Routes.php(88): view('errors/html/error_404')
 6 SYSTEMPATH\CodeIgniter.php(875): CodeIgniter\Router\RouteCollection->{closure}('admin/printReport')
 7 SYSTEMPATH\CodeIgniter.php(494): CodeIgniter\CodeIgniter->startController()
 8 SYSTEMPATH\CodeIgniter.php(354): CodeIgniter\CodeIgniter->handleRequest(null, Object(Config\Cache), false)
 9 SYSTEMPATH\Boot.php(363): CodeIgniter\CodeIgniter->run()
10 SYSTEMPATH\Boot.php(68): CodeIgniter\Boot::runCodeIgniter(Object(CodeIgniter\CodeIgniter))
11 FCPATH\index.php(59): CodeIgniter\Boot::bootWeb(Object(Config\Paths))
12 SYSTEMPATH\rewrite.php(44): require_once('D:\\COMISSION\\kurt2.0\\public\\index.php')
DEBUG - 2025-11-24 13:56:35 --> Session: Class initialized using 'CodeIgniter\Session\Handlers\FileHandler' driver.
DEBUG - 2025-11-24 13:56:38 --> Session: Class initialized using 'CodeIgniter\Session\Handlers\FileHandler' driver.
DEBUG - 2025-11-24 13:56:39 --> Session: Class initialized using 'CodeIgniter\Session\Handlers\FileHandler' driver.
DEBUG - 2025-11-24 13:57:00 --> Session: Class initialized using 'CodeIgniter\Session\Handlers\FileHandler' driver.
DEBUG - 2025-11-24 13:57:17 --> Session: Class initialized using 'CodeIgniter\Session\Handlers\FileHandler' driver.
DEBUG - 2025-11-24 13:57:18 --> Session: Class initialized using 'CodeIgniter\Session\Handlers\FileHandler' driver.
DEBUG - 2025-11-24 13:59:51 --> Session: Class initialized using 'CodeIgniter\Session\Handlers\FileHandler' driver.
DEBUG - 2025-11-24 13:59:54 --> Session: Class initialized using 'CodeIgniter\Session\Handlers\FileHandler' driver.
DEBUG - 2025-11-24 13:59:54 --> Session: Class initialized using 'CodeIgniter\Session\Handlers\FileHandler' driver.
DEBUG - 2025-11-24 14:02:13 --> Session: Class initialized using 'CodeIgniter\Session\Handlers\FileHandler' driver.
DEBUG - 2025-11-24 14:02:23 --> Session: Class initialized using 'CodeIgniter\Session\Handlers\FileHandler' driver.
DEBUG - 2025-11-24 14:02:39 --> Session: Class initialized using 'CodeIgniter\Session\Handlers\FileHandler' driver.
DEBUG - 2025-11-24 14:06:41 --> Session: Class initialized using 'CodeIgniter\Session\Handlers\FileHandler' driver.
DEBUG - 2025-11-24 14:06:42 --> Session: Class initialized using 'CodeIgniter\Session\Handlers\FileHandler' driver.
DEBUG - 2025-11-24 14:06:44 --> Session: Class initialized using 'CodeIgniter\Session\Handlers\FileHandler' driver.
DEBUG - 2025-11-24 14:06:54 --> Session: Class initialized using 'CodeIgniter\Session\Handlers\FileHandler' driver.
CRITICAL - 2025-11-24 14:06:54 --> Error: Call to a member function where() on array
[Method: GET, Route: admin/printPaymentsReport]
in APPPATH\Controllers\Admin.php on line 1137.
 1 SYSTEMPATH\CodeIgniter.php(933): App\Controllers\Admin->printPaymentsReport()
 2 SYSTEMPATH\CodeIgniter.php(507): CodeIgniter\CodeIgniter->runController(Object(App\Controllers\Admin))
 3 SYSTEMPATH\CodeIgniter.php(354): CodeIgniter\CodeIgniter->handleRequest(null, Object(Config\Cache), false)
 4 SYSTEMPATH\Boot.php(363): CodeIgniter\CodeIgniter->run()
 5 SYSTEMPATH\Boot.php(68): CodeIgniter\Boot::runCodeIgniter(Object(CodeIgniter\CodeIgniter))
 6 FCPATH\index.php(59): CodeIgniter\Boot::bootWeb(Object(Config\Paths))
 7 SYSTEMPATH\rewrite.php(44): require_once('D:\\COMISSION\\kurt2.0\\public\\index.php')
DEBUG - 2025-11-24 14:07:57 --> Session: Class initialized using 'CodeIgniter\Session\Handlers\FileHandler' driver.
DEBUG - 2025-11-24 14:07:57 --> Session: Class initialized using 'CodeIgniter\Session\Handlers\FileHandler' driver.
DEBUG - 2025-11-24 14:07:59 --> Session: Class initialized using 'CodeIgniter\Session\Handlers\FileHandler' driver.
CRITICAL - 2025-11-24 14:07:59 --> ErrorException: Undefined array key "transaction_id"
[Method: GET, Route: admin/printPaymentsReport]
in APPPATH\Views\admin\print_reports\payments_report.php on line 356.
 1 APPPATH\Views\admin\print_reports\payments_report.php(356): CodeIgniter\Debug\Exceptions->errorHandler(2, 'Undefined array key "transaction_id"', 'D:\\COMISSION\\kurt2.0\\app\\Views\\admin\\print_reports\\payments_report.php', 356)
 2 SYSTEMPATH\View\View.php(226): include('D:\\COMISSION\\kurt2.0\\app\\Views\\admin\\print_reports\\payments_report.php')
 3 SYSTEMPATH\View\View.php(229): CodeIgniter\View\View->CodeIgniter\View\{closure}()
 4 SYSTEMPATH\Common.php(1167): CodeIgniter\View\View->render('admin/print_reports/payments_report', [], true)
 5 APPPATH\Controllers\Admin.php(1187): view('admin/print_reports/payments_report', [...])
 6 SYSTEMPATH\CodeIgniter.php(933): App\Controllers\Admin->printPaymentsReport()
 7 SYSTEMPATH\CodeIgniter.php(507): CodeIgniter\CodeIgniter->runController(Object(App\Controllers\Admin))
 8 SYSTEMPATH\CodeIgniter.php(354): CodeIgniter\CodeIgniter->handleRequest(null, Object(Config\Cache), false)
 9 SYSTEMPATH\Boot.php(363): CodeIgniter\CodeIgniter->run()
10 SYSTEMPATH\Boot.php(68): CodeIgniter\Boot::runCodeIgniter(Object(CodeIgniter\CodeIgniter))
11 FCPATH\index.php(59): CodeIgniter\Boot::bootWeb(Object(Config\Paths))
12 SYSTEMPATH\rewrite.php(44): require_once('D:\\COMISSION\\kurt2.0\\public\\index.php')
DEBUG - 2025-11-24 14:08:30 --> Session: Class initialized using 'CodeIgniter\Session\Handlers\FileHandler' driver.
DEBUG - 2025-11-24 14:08:30 --> Session: Class initialized using 'CodeIgniter\Session\Handlers\FileHandler' driver.
DEBUG - 2025-11-24 14:08:31 --> Session: Class initialized using 'CodeIgniter\Session\Handlers\FileHandler' driver.
